-- Generated by scripts/generateStudyContentSql.mjs
create extension if not exists pgcrypto;

create table if not exists public.study_subjects (
  id text primary key,
  name text not null unique,
  slug text not null unique,
  sort_order integer not null default 0,
  created_at timestamptz not null default now()
);

create table if not exists public.study_topics (
  id text primary key,
  subject_id text not null references public.study_subjects(id) on delete cascade,
  name text not null,
  slug text not null,
  sort_order integer not null default 0,
  created_at timestamptz not null default now(),
  unique (subject_id, name),
  unique (subject_id, slug)
);

create table if not exists public.study_questions (
  id integer primary key,
  subject_id text not null references public.study_subjects(id) on delete restrict,
  topic_id text not null references public.study_topics(id) on delete restrict,
  level text not null check (level in ('Fácil', 'Médio', 'Difícil')), 
  statement text not null,
  options jsonb not null,
  correct_index integer not null,
  explanation text not null,
  sort_order integer not null default 0,
  created_at timestamptz not null default now()
);

create index if not exists idx_study_topics_subject_id on public.study_topics(subject_id, sort_order);
create index if not exists idx_study_questions_subject_id on public.study_questions(subject_id, sort_order);
create index if not exists idx_study_questions_topic_id on public.study_questions(topic_id, sort_order);

alter table public.study_subjects enable row level security;
alter table public.study_topics enable row level security;
alter table public.study_questions enable row level security;

grant usage on schema public to anon, authenticated;
grant select on public.study_subjects to anon, authenticated;
grant select on public.study_topics to anon, authenticated;
grant select on public.study_questions to anon, authenticated;

drop policy if exists "public read study subjects" on public.study_subjects;
create policy "public read study subjects" on public.study_subjects for select to anon, authenticated using (true);
drop policy if exists "public read study topics" on public.study_topics;
create policy "public read study topics" on public.study_topics for select to anon, authenticated using (true);
drop policy if exists "public read study questions" on public.study_questions;
create policy "public read study questions" on public.study_questions for select to anon, authenticated using (true);

insert into public.study_subjects (id, name, slug, sort_order) values
  ('administracao-publica', 'Administração Pública', 'administracao-publica', 1),
  ('direito-administrativo-e-licitacoes', 'Direito Administrativo e Licitações', 'direito-administrativo-e-licitacoes', 2),
  ('portugues', 'Português', 'portugues', 3),
  ('informatica', 'Informática', 'informatica', 4),
  ('raciocinio-logico', 'Raciocínio Lógico', 'raciocinio-logico', 5)
on conflict (id) do update set name = excluded.name, slug = excluded.slug, sort_order = excluded.sort_order;

insert into public.study_topics (id, subject_id, name, slug, sort_order) values
  ('administracao-publica-planejamento-organizacao-direcao-e-controle', 'administracao-publica', 'Planejamento, organização, direção e controle', 'planejamento-organizacao-direcao-e-controle', 1),
  ('administracao-publica-gestao-por-processos', 'administracao-publica', 'Gestão por processos', 'gestao-por-processos', 2),
  ('administracao-publica-governanca-e-accountability', 'administracao-publica', 'Governança e accountability', 'governanca-e-accountability', 3),
  ('direito-administrativo-e-licitacoes-principios-da-administracao-publica', 'direito-administrativo-e-licitacoes', 'Princípios da Administração Pública', 'principios-da-administracao-publica', 1),
  ('direito-administrativo-e-licitacoes-atos-administrativos', 'direito-administrativo-e-licitacoes', 'Atos administrativos', 'atos-administrativos', 2),
  ('direito-administrativo-e-licitacoes-lei-n-14-133-2021', 'direito-administrativo-e-licitacoes', 'Lei nº 14.133/2021', 'lei-n-14-133-2021', 3),
  ('portugues-sentido-vocabular-no-contexto', 'portugues', 'Sentido vocabular no contexto', 'sentido-vocabular-no-contexto', 1),
  ('portugues-concordancia-verbal', 'portugues', 'Concordância verbal', 'concordancia-verbal', 2),
  ('portugues-oracoes-subordinadas', 'portugues', 'Orações subordinadas', 'oracoes-subordinadas', 3),
  ('informatica-microsoft-excel', 'informatica', 'Microsoft Excel', 'microsoft-excel', 1),
  ('informatica-windows-e-gerenciamento-de-arquivos', 'informatica', 'Windows e gerenciamento de arquivos', 'windows-e-gerenciamento-de-arquivos', 2),
  ('informatica-correio-eletronico-e-boas-praticas', 'informatica', 'Correio eletrônico e boas práticas', 'correio-eletronico-e-boas-praticas', 3),
  ('raciocinio-logico-negacao-de-condicional', 'raciocinio-logico', 'Negação de condicional', 'negacao-de-condicional', 1),
  ('raciocinio-logico-porcentagem', 'raciocinio-logico', 'Porcentagem', 'porcentagem', 2),
  ('raciocinio-logico-sequencias', 'raciocinio-logico', 'Sequências', 'sequencias', 3),
  ('administracao-publica-gestao-estrategica', 'administracao-publica', 'Gestão estratégica', 'gestao-estrategica', 4),
  ('administracao-publica-estrutura-organizacional', 'administracao-publica', 'Estrutura organizacional', 'estrutura-organizacional', 5),
  ('administracao-publica-qualidade-no-servico-publico', 'administracao-publica', 'Qualidade no serviço público', 'qualidade-no-servico-publico', 6),
  ('administracao-publica-tipos-de-planejamento', 'administracao-publica', 'Tipos de planejamento', 'tipos-de-planejamento', 7),
  ('administracao-publica-governabilidade-e-governanca', 'administracao-publica', 'Governabilidade e governança', 'governabilidade-e-governanca', 8),
  ('administracao-publica-servicos-publicos', 'administracao-publica', 'Serviços públicos', 'servicos-publicos', 9),
  ('administracao-publica-indicadores-de-desempenho', 'administracao-publica', 'Indicadores de desempenho', 'indicadores-de-desempenho', 10),
  ('administracao-publica-lideranca-e-direcao', 'administracao-publica', 'Liderança e direção', 'lideranca-e-direcao', 11),
  ('administracao-publica-mapeamento-de-processos', 'administracao-publica', 'Mapeamento de processos', 'mapeamento-de-processos', 12),
  ('administracao-publica-controle-administrativo', 'administracao-publica', 'Controle administrativo', 'controle-administrativo', 13),
  ('direito-administrativo-e-licitacoes-poderes-administrativos', 'direito-administrativo-e-licitacoes', 'Poderes administrativos', 'poderes-administrativos', 4),
  ('direito-administrativo-e-licitacoes-atributos-do-ato-administrativo', 'direito-administrativo-e-licitacoes', 'Atributos do ato administrativo', 'atributos-do-ato-administrativo', 5),
  ('direito-administrativo-e-licitacoes-anulacao-e-revogacao', 'direito-administrativo-e-licitacoes', 'Anulação e revogação', 'anulacao-e-revogacao', 6),
  ('direito-administrativo-e-licitacoes-principio-da-publicidade', 'direito-administrativo-e-licitacoes', 'Princípio da publicidade', 'principio-da-publicidade', 7),
  ('direito-administrativo-e-licitacoes-agentes-publicos', 'direito-administrativo-e-licitacoes', 'Agentes públicos', 'agentes-publicos', 8),
  ('direito-administrativo-e-licitacoes-licitacao-e-isonomia', 'direito-administrativo-e-licitacoes', 'Licitação e isonomia', 'licitacao-e-isonomia', 9),
  ('direito-administrativo-e-licitacoes-controle-da-administracao', 'direito-administrativo-e-licitacoes', 'Controle da Administração', 'controle-da-administracao', 10),
  ('direito-administrativo-e-licitacoes-processo-administrativo', 'direito-administrativo-e-licitacoes', 'Processo administrativo', 'processo-administrativo', 11),
  ('direito-administrativo-e-licitacoes-bens-publicos', 'direito-administrativo-e-licitacoes', 'Bens públicos', 'bens-publicos', 12),
  ('direito-administrativo-e-licitacoes-principios-da-licitacao', 'direito-administrativo-e-licitacoes', 'Princípios da licitação', 'principios-da-licitacao', 13),
  ('portugues-interpretacao-de-texto', 'portugues', 'Interpretação de texto', 'interpretacao-de-texto', 4),
  ('portugues-pontuacao', 'portugues', 'Pontuação', 'pontuacao', 5),
  ('portugues-regencia-verbal', 'portugues', 'Regência verbal', 'regencia-verbal', 6),
  ('portugues-crase', 'portugues', 'Crase', 'crase', 7),
  ('portugues-concordancia-nominal', 'portugues', 'Concordância nominal', 'concordancia-nominal', 8),
  ('portugues-reescrita', 'portugues', 'Reescrita', 'reescrita', 9),
  ('informatica-microsoft-word', 'informatica', 'Microsoft Word', 'microsoft-word', 4),
  ('informatica-seguranca-da-informacao', 'informatica', 'Segurança da informação', 'seguranca-da-informacao', 5),
  ('informatica-internet-e-navegacao', 'informatica', 'Internet e navegação', 'internet-e-navegacao', 6),
  ('informatica-compactacao-e-backup', 'informatica', 'Compactação e backup', 'compactacao-e-backup', 7),
  ('raciocinio-logico-equivalencia-logica', 'raciocinio-logico', 'Equivalência lógica', 'equivalencia-logica', 4),
  ('raciocinio-logico-razao-e-proporcao', 'raciocinio-logico', 'Razão e proporção', 'razao-e-proporcao', 5),
  ('raciocinio-logico-problemas-aritmeticos', 'raciocinio-logico', 'Problemas aritméticos', 'problemas-aritmeticos', 6),
  ('administracao-publica-tomada-de-decisao', 'administracao-publica', 'Tomada de decisão', 'tomada-de-decisao', 14),
  ('administracao-publica-gestao-de-pessoas-no-setor-publico', 'administracao-publica', 'Gestão de pessoas no setor público', 'gestao-de-pessoas-no-setor-publico', 15),
  ('direito-administrativo-e-licitacoes-responsabilidade-civil-do-estado', 'direito-administrativo-e-licitacoes', 'Responsabilidade civil do Estado', 'responsabilidade-civil-do-estado', 14),
  ('direito-administrativo-e-licitacoes-processo-licitatorio', 'direito-administrativo-e-licitacoes', 'Processo licitatório', 'processo-licitatorio', 15),
  ('portugues-coesao-textual', 'portugues', 'Coesão textual', 'coesao-textual', 10),
  ('portugues-ortografia-oficial', 'portugues', 'Ortografia oficial', 'ortografia-oficial', 11),
  ('informatica-planilhas-e-referencias', 'informatica', 'Planilhas e referências', 'planilhas-e-referencias', 8),
  ('informatica-seguranca-em-navegadores', 'informatica', 'Segurança em navegadores', 'seguranca-em-navegadores', 9),
  ('raciocinio-logico-tabela-verdade', 'raciocinio-logico', 'Tabela-verdade', 'tabela-verdade', 7),
  ('raciocinio-logico-analise-combinatoria-basica', 'raciocinio-logico', 'Análise combinatória básica', 'analise-combinatoria-basica', 8),
  ('administracao-publica-planejamento-governamental', 'administracao-publica', 'Planejamento governamental', 'planejamento-governamental', 16),
  ('administracao-publica-governanca-e-integridade', 'administracao-publica', 'Governança e integridade', 'governanca-e-integridade', 17),
  ('administracao-publica-lideranca-e-motivacao', 'administracao-publica', 'Liderança e motivação', 'lideranca-e-motivacao', 18),
  ('direito-administrativo-e-licitacoes-licitacoes-e-contratos', 'direito-administrativo-e-licitacoes', 'Licitações e contratos', 'licitacoes-e-contratos', 16),
  ('direito-administrativo-e-licitacoes-bens-publicos-e-controle', 'direito-administrativo-e-licitacoes', 'Bens públicos e controle', 'bens-publicos-e-controle', 17),
  ('direito-administrativo-e-licitacoes-improbidade-e-etica-publica', 'direito-administrativo-e-licitacoes', 'Improbidade e ética pública', 'improbidade-e-etica-publica', 18),
  ('portugues-concordancia-verbal-e-nominal', 'portugues', 'Concordância verbal e nominal', 'concordancia-verbal-e-nominal', 12),
  ('portugues-regencia-e-crase', 'portugues', 'Regência e crase', 'regencia-e-crase', 13),
  ('portugues-pontuacao-e-reescrita', 'portugues', 'Pontuação e reescrita', 'pontuacao-e-reescrita', 14),
  ('portugues-coesao-e-coerencia', 'portugues', 'Coesão e coerência', 'coesao-e-coerencia', 15),
  ('portugues-ortografia-e-semantica', 'portugues', 'Ortografia e semântica', 'ortografia-e-semantica', 16),
  ('informatica-microsoft-word-e-editores', 'informatica', 'Microsoft Word e editores', 'microsoft-word-e-editores', 10),
  ('informatica-internet-e-seguranca', 'informatica', 'Internet e segurança', 'internet-e-seguranca', 11),
  ('informatica-correio-eletronico-e-backup', 'informatica', 'Correio eletrônico e backup', 'correio-eletronico-e-backup', 12),
  ('raciocinio-logico-logica-proposicional', 'raciocinio-logico', 'Lógica proposicional', 'logica-proposicional', 9),
  ('raciocinio-logico-porcentagem-e-razao', 'raciocinio-logico', 'Porcentagem e razão', 'porcentagem-e-razao', 10),
  ('raciocinio-logico-sequencias-e-padroes', 'raciocinio-logico', 'Sequências e padrões', 'sequencias-e-padroes', 11),
  ('raciocinio-logico-analise-combinatoria', 'raciocinio-logico', 'Análise combinatória', 'analise-combinatoria', 12)
on conflict (id) do update set subject_id = excluded.subject_id, name = excluded.name, slug = excluded.slug, sort_order = excluded.sort_order;

insert into public.study_questions (id, subject_id, topic_id, level, statement, options, correct_index, explanation, sort_order) values
  (101, 'administracao-publica', 'administracao-publica-planejamento-organizacao-direcao-e-controle', 'Médio', 'Em uma secretaria municipal, o gestor definiu metas trimestrais, distribuiu tarefas entre equipes, acompanhou indicadores e corrigiu desvios de execução. As ações descritas correspondem, respectivamente, às funções administrativas de', '["planejamento, organização, direção e controle.","organização, planejamento, comando e avaliação.","previsão, liderança, execução e auditoria.","coordenação, direção, comando e responsabilização."]'::jsonb, 0, 'O enunciado segue a sequência clássica das funções administrativas: planejar metas, organizar recursos, dirigir pessoas e controlar resultados.', 1),
  (102, 'administracao-publica', 'administracao-publica-gestao-por-processos', 'Médio', 'Ao mapear o fluxo de atendimento ao cidadão, a equipe identificou retrabalho, gargalos e etapas sem valor agregado. A medida mais aderente à gestão por processos é', '["substituir o fluxo atual por decisões informais das chefias.","eliminar a necessidade de indicadores para ganhar agilidade.","redesenhar o processo com foco em padronização, eficiência e entrega ao usuário.","aumentar o número de assinaturas obrigatórias em todas as etapas."]'::jsonb, 2, 'Na gestão por processos, o foco está em fluxo, melhoria contínua, eliminação de desperdícios e geração de valor ao usuário final.', 2),
  (103, 'administracao-publica', 'administracao-publica-governanca-e-accountability', 'Difícil', 'No setor público, a accountability está diretamente relacionada à', '["dispensa de prestação de contas quando há delegação de competência.","autonomia absoluta do gestor para decidir sem controle externo.","obrigação de prestar contas, justificar resultados e sujeitar-se à responsabilização.","substituição dos controles institucionais por confiança pessoal na chefia."]'::jsonb, 2, 'Accountability envolve transparência, prestação de contas e possibilidade de responsabilização pelos atos e resultados da gestão.', 3),
  (104, 'direito-administrativo-e-licitacoes', 'direito-administrativo-e-licitacoes-principios-da-administracao-publica', 'Fácil', 'Quando a administração divulga critérios objetivos para seleção de fornecedores e veda favorecimentos pessoais, ela concretiza principalmente os princípios da', '["moralidade e impessoalidade.","publicidade e supremacia privada.","discricionariedade e autotutela.","hierarquia e especialidade."]'::jsonb, 0, 'A vedação de favorecimentos pessoais se conecta à impessoalidade, enquanto a conduta ética e proba se relaciona à moralidade administrativa.', 4),
  (105, 'direito-administrativo-e-licitacoes', 'direito-administrativo-e-licitacoes-atos-administrativos', 'Médio', 'Um servidor praticou ato administrativo com finalidade diversa da prevista em lei, embora formalmente competente. Nessa hipótese, o vício recai sobre o elemento', '["forma.","motivo.","objeto.","finalidade."]'::jsonb, 3, 'Desvio de finalidade ocorre quando o agente busca fim diverso do previsto em lei, comprometendo o elemento finalidade do ato administrativo.', 5),
  (106, 'direito-administrativo-e-licitacoes', 'direito-administrativo-e-licitacoes-lei-n-14-133-2021', 'Difícil', 'De acordo com a lógica da Lei nº 14.133/2021, a fase preparatória da contratação deve', '["ser dispensada quando o objeto for rotineiro.","concentrar estudos técnicos, definição da necessidade e planejamento da contratação.","ocorrer apenas após a assinatura do contrato administrativo.","limitar-se à indicação verbal do setor requisitante."]'::jsonb, 1, 'A nova lei reforça o planejamento como eixo da contratação pública, incluindo estudos técnicos, gestão de riscos e definição adequada do objeto.', 6),
  (107, 'portugues', 'portugues-sentido-vocabular-no-contexto', 'Fácil', 'No período “a revisão cuidadosa evita retrabalho”, o verbo “evita” expressa ideia de', '["causa.","prevenção.","comparação.","concessão."]'::jsonb, 1, 'No contexto, “evitar” significa impedir previamente ou prevenir a ocorrência de algo.', 7),
  (108, 'portugues', 'portugues-concordancia-verbal', 'Médio', 'Assinale a alternativa em que a concordância verbal está de acordo com a norma-padrão.', '["Houveram atrasos na entrega dos relatórios finais.","Fazem dois anos que o setor utiliza esse sistema.","Existe medidas simples para reduzir falhas operacionais.","Deve haver soluções viáveis para o problema apresentado."]'::jsonb, 3, 'Com o verbo “haver” no sentido de existir, a construção correta é impessoal. Na locução, mantém-se “deve haver”.', 8),
  (109, 'portugues', 'portugues-oracoes-subordinadas', 'Difícil', 'No trecho “A equipe confirmou que o cronograma precisaria ser revisto”, a oração destacada exerce função de', '["adjunto adnominal.","objeto direto.","predicativo do sujeito.","aposto explicativo."]'::jsonb, 1, 'A oração introduzida por “que” completa o sentido do verbo “confirmou”, funcionando como oração subordinada substantiva objetiva direta.', 9),
  (110, 'informatica', 'informatica-microsoft-excel', 'Fácil', 'No Microsoft Excel, para somar os valores contidos nas células B2 até B10, a fórmula correta é', '["=SOMA(B2:B10)","=SOMAR(B2;B10)","=MEDIA(B2:B10)","=ADICAO(B2..B10)"]'::jsonb, 0, 'Em Excel em português, a função padrão para soma é =SOMA(intervalo).', 10),
  (111, 'informatica', 'informatica-windows-e-gerenciamento-de-arquivos', 'Médio', 'Ao utilizar o Explorador de Arquivos no Windows, o usuário deseja renomear rapidamente um arquivo já selecionado, sem abrir menus contextuais. O atalho mais usual para essa ação é', '["F2.","F5.","Ctrl+R.","Alt+F4."]'::jsonb, 0, 'No Windows, F2 é o atalho tradicional para renomear o item selecionado.', 11),
  (112, 'informatica', 'informatica-correio-eletronico-e-boas-praticas', 'Médio', 'Em ambiente corporativo, uma boa prática de segurança no uso de e-mail é', '["abrir anexos de remetentes desconhecidos para verificar o conteúdo.","reutilizar a mesma senha em serviços diferentes para facilitar o acesso.","confirmar links suspeitos e remetentes antes de clicar ou baixar arquivos.","desativar filtros antispam para evitar bloqueio de mensagens legítimas."]'::jsonb, 2, 'A conferência de remetente, link e contexto da mensagem reduz risco de phishing e instalação de arquivos maliciosos.', 12),
  (113, 'raciocinio-logico', 'raciocinio-logico-negacao-de-condicional', 'Médio', 'A negação da proposição “Se o processo foi instruído corretamente, então o pagamento será liberado” é', '["O processo foi instruído corretamente e o pagamento não será liberado.","O processo não foi instruído corretamente e o pagamento será liberado.","Se o pagamento não for liberado, então o processo não foi instruído corretamente.","O processo foi instruído corretamente ou o pagamento não será liberado."]'::jsonb, 0, 'A negação de uma condicional p → q é p e não q.', 13),
  (114, 'raciocinio-logico', 'raciocinio-logico-porcentagem', 'Fácil', 'Um servidor executou 18 de 24 tarefas previstas para a semana. O percentual de tarefas concluídas foi de', '["65%.","70%.","75%.","80%."]'::jsonb, 2, '18 ÷ 24 = 0,75, o que corresponde a 75%.', 14),
  (115, 'raciocinio-logico', 'raciocinio-logico-sequencias', 'Difícil', 'Observe a sequência numérica: 3, 8, 18, 38, ... Mantido o padrão, o próximo termo é', '["68.","76.","78.","80."]'::jsonb, 2, 'A sequência dobra o termo anterior e soma 2: 3→8, 8→18, 18→38, então 38×2+2 = 78.', 15),
  (116, 'administracao-publica', 'administracao-publica-gestao-estrategica', 'Médio', 'Em um órgão municipal, a definição de objetivos de longo prazo, indicadores e iniciativas prioritárias está mais diretamente relacionada ao conceito de', '["planejamento estratégico.","controle corretivo.","departamentalização funcional.","descentralização patrimonial."]'::jsonb, 0, 'Planejamento estratégico orienta objetivos de longo prazo, prioridades institucionais e indicadores de acompanhamento.', 16),
  (117, 'administracao-publica', 'administracao-publica-estrutura-organizacional', 'Fácil', 'A divisão do trabalho por áreas como finanças, compras e recursos humanos caracteriza a departamentalização', '["por produto.","funcional.","geográfica.","por clientela."]'::jsonb, 1, 'Na departamentalização funcional, as unidades são agrupadas segundo funções ou especialidades semelhantes.', 17),
  (118, 'administracao-publica', 'administracao-publica-qualidade-no-servico-publico', 'Médio', 'Uma prática coerente com a gestão da qualidade no serviço público é', '["avaliar resultados apenas pela percepção da chefia imediata.","padronizar rotinas, monitorar falhas e buscar melhoria contínua.","eliminar canais de feedback para reduzir demandas do usuário.","substituir indicadores por decisões exclusivamente intuitivas."]'::jsonb, 1, 'Qualidade envolve padronização, acompanhamento de desempenho, foco no usuário e melhoria contínua.', 18),
  (119, 'administracao-publica', 'administracao-publica-tipos-de-planejamento', 'Médio', 'O planejamento tático distingue-se do estratégico porque, em regra,', '["abrange toda a organização e horizonte mais amplo.","traduz diretrizes gerais em metas setoriais de médio prazo.","se restringe a rotinas diárias e tarefas operacionais.","dispensa definição de recursos e responsáveis."]'::jsonb, 1, 'O planejamento tático converte diretrizes estratégicas em ações e metas das áreas ou unidades.', 19),
  (120, 'administracao-publica', 'administracao-publica-governabilidade-e-governanca', 'Difícil', 'Em análise organizacional, governança pública e governabilidade diferenciam-se porque a primeira enfatiza', '["mecanismos de direção, controle e integridade, enquanto a segunda se relaciona à capacidade política de implementar decisões.","a hierarquia informal, enquanto a segunda trata exclusivamente de orçamento.","a execução rotineira de tarefas, enquanto a segunda cuida apenas de tecnologia.","a autonomia privada, enquanto a segunda elimina controles institucionais."]'::jsonb, 0, 'Governança trata de estruturas, controles e direção institucional; governabilidade liga-se à capacidade de articulação e implementação.', 20),
  (121, 'administracao-publica', 'administracao-publica-servicos-publicos', 'Médio', 'Ao reorganizar o atendimento presencial para reduzir filas e ampliar o acesso do cidadão, a administração atua com foco principal na', '["continuidade e adequação do serviço público.","supremacia do interesse do servidor.","revogação automática de atos administrativos.","privatização compulsória da atividade administrativa."]'::jsonb, 0, 'A melhoria do atendimento e do acesso do usuário está ligada à adequada prestação e continuidade dos serviços públicos.', 21),
  (122, 'administracao-publica', 'administracao-publica-indicadores-de-desempenho', 'Médio', 'Um indicador que mede o percentual de processos concluídos dentro do prazo legal avalia principalmente', '["tempestividade.","amplitude hierárquica.","centralização.","especialização vertical."]'::jsonb, 0, 'Tempestividade refere-se ao cumprimento de prazos e à entrega oportuna dos resultados.', 22),
  (123, 'administracao-publica', 'administracao-publica-lideranca-e-direcao', 'Fácil', 'No exercício da função de direção, o gestor público atua principalmente ao', '["motivar equipes, orientar execução e comunicar prioridades.","definir apenas a estrutura formal do órgão.","substituir o controle por confiança irrestrita.","eliminar a necessidade de metas institucionais."]'::jsonb, 0, 'Direção envolve liderança, comunicação, orientação das pessoas e alinhamento da execução às metas.', 23),
  (124, 'administracao-publica', 'administracao-publica-mapeamento-de-processos', 'Difícil', 'Em um redesenho de processo, a identificação de entradas, atividades, saídas e responsáveis permite principalmente', '["formalizar gargalos como etapa obrigatória.","visualizar o fluxo de trabalho e atacar pontos críticos com maior precisão.","eliminar a necessidade de padronização documental.","substituir metas por relatos subjetivos dos usuários."]'::jsonb, 1, 'O mapeamento explicita o fluxo e facilita detectar gargalos, responsabilidades e oportunidades de melhoria.', 24),
  (125, 'administracao-publica', 'administracao-publica-controle-administrativo', 'Médio', 'Quando a chefia compara o resultado alcançado com a meta prevista e adota ações corretivas, está exercendo a função de', '["organização.","controle.","previsão normativa.","delegação externa."]'::jsonb, 1, 'Controle consiste em medir resultados, comparar com padrões e corrigir desvios.', 25),
  (126, 'direito-administrativo-e-licitacoes', 'direito-administrativo-e-licitacoes-poderes-administrativos', 'Médio', 'A prerrogativa de distribuir e escalonar funções entre órgãos e agentes, supervisionando sua atuação, decorre do poder', '["disciplinar.","regulamentar.","hierárquico.","de polícia."]'::jsonb, 2, 'O poder hierárquico permite ordenar, coordenar, delegar, avocar e fiscalizar atividades internas da administração.', 26),
  (127, 'direito-administrativo-e-licitacoes', 'direito-administrativo-e-licitacoes-atributos-do-ato-administrativo', 'Difícil', 'A possibilidade de a administração executar diretamente determinado ato, independentemente de autorização judicial prévia, relaciona-se ao atributo da', '["presunção de legitimidade.","autoexecutoriedade.","tipicidade.","competência."]'::jsonb, 1, 'Autoexecutoriedade é a possibilidade de execução direta de certos atos administrativos nos casos admitidos em lei.', 27),
  (128, 'direito-administrativo-e-licitacoes', 'direito-administrativo-e-licitacoes-anulacao-e-revogacao', 'Médio', 'Quando a administração extingue um ato válido por razões de conveniência e oportunidade, ocorre', '["cassação.","anulação.","revogação.","convalidação."]'::jsonb, 2, 'Revogação alcança ato válido, por motivo de mérito administrativo; anulação recai sobre ato ilegal.', 28),
  (129, 'direito-administrativo-e-licitacoes', 'direito-administrativo-e-licitacoes-principio-da-publicidade', 'Fácil', 'O princípio da publicidade, no contexto administrativo, busca assegurar principalmente', '["sigilo como regra geral dos atos públicos.","divulgação e transparência dos atos, ressalvadas hipóteses legais de restrição.","substituição do controle social por controle privado.","dispensa de motivação dos atos discricionários."]'::jsonb, 1, 'Publicidade dá transparência à atuação administrativa, admitindo sigilo apenas nas hipóteses legais.', 29),
  (130, 'direito-administrativo-e-licitacoes', 'direito-administrativo-e-licitacoes-agentes-publicos', 'Médio', 'Servidor que causa dano a terceiro no exercício da função pode gerar responsabilidade civil do Estado, assegurado a este o direito de', '["anistia automática.","regresso contra o agente, nos casos cabíveis.","dispensa de apuração administrativa.","renúncia obrigatória ao ressarcimento."]'::jsonb, 1, 'O Estado pode responder perante o terceiro e buscar ressarcimento do agente por ação regressiva, quando presentes os requisitos legais.', 30),
  (131, 'direito-administrativo-e-licitacoes', 'direito-administrativo-e-licitacoes-lei-n-14-133-2021', 'Médio', 'Na contratação pública, o termo de referência ou projeto básico deve contribuir para', '["descrição precisa do objeto e definição dos requisitos da contratação.","substituição integral do planejamento pela etapa de julgamento.","escolha livre do objeto após a assinatura contratual.","eliminação dos critérios objetivos de execução."]'::jsonb, 0, 'Esses instrumentos estruturam a contratação, delimitando objeto, requisitos, critérios e resultados esperados.', 31),
  (132, 'direito-administrativo-e-licitacoes', 'direito-administrativo-e-licitacoes-licitacao-e-isonomia', 'Médio', 'É incompatível com a lógica da licitação pública a cláusula que', '["estabelece critérios objetivos de habilitação.","restringe indevidamente a competitividade sem justificativa técnica.","define prazo para apresentação de propostas.","prevê sanções contratuais pelo inadimplemento."]'::jsonb, 1, 'A restrição injustificada à competição viola a isonomia e compromete a seleção da proposta mais vantajosa.', 32),
  (133, 'direito-administrativo-e-licitacoes', 'direito-administrativo-e-licitacoes-controle-da-administracao', 'Difícil', 'O controle exercido pela própria administração sobre seus atos, para corrigir ilegalidades e rever condutas, caracteriza o controle', '["judicial.","externo legislativo.","administrativo interno.","popular extraordinário."]'::jsonb, 2, 'Controle administrativo interno é a autotutela exercida pela própria administração sobre seus atos e agentes.', 33),
  (134, 'direito-administrativo-e-licitacoes', 'direito-administrativo-e-licitacoes-processo-administrativo', 'Médio', 'Em processo administrativo, a motivação do ato decisório é relevante porque', '["dispensa o contraditório.","expõe as razões da decisão e favorece controle e transparência.","substitui a competência legal do agente.","elimina a necessidade de formalização mínima."]'::jsonb, 1, 'A motivação explicita fundamentos de fato e de direito, permitindo controle administrativo, judicial e social.', 34),
  (135, 'direito-administrativo-e-licitacoes', 'direito-administrativo-e-licitacoes-bens-publicos', 'Fácil', 'São bens de uso comum do povo aqueles destinados', '["ao serviço interno exclusivo da repartição.","à utilização geral pela coletividade, como ruas e praças.","à alienação imediata pelo poder público.","ao patrimônio pessoal do agente público."]'::jsonb, 1, 'Bens de uso comum do povo são fruíveis pela coletividade, como ruas, praças e rios, conforme o caso.', 35),
  (136, 'direito-administrativo-e-licitacoes', 'direito-administrativo-e-licitacoes-principios-da-licitacao', 'Difícil', 'A exigência de critérios objetivos de julgamento nas licitações visa reduzir principalmente', '["a formalização do procedimento.","a discricionariedade arbitrária na escolha da proposta.","a publicidade dos atos administrativos.","a necessidade de planejamento da contratação."]'::jsonb, 1, 'Critérios objetivos limitam escolhas arbitrárias e reforçam isonomia, transparência e segurança jurídica.', 36),
  (137, 'portugues', 'portugues-interpretacao-de-texto', 'Médio', 'No enunciado “A digitalização agilizou o protocolo, mas exigiu treinamento da equipe”, a relação estabelecida pela conjunção “mas” é de', '["adição.","alternância.","oposição.","explicação."]'::jsonb, 2, 'A conjunção “mas” introduz ideia de contraste entre a vantagem e a exigência apontadas.', 37),
  (138, 'portugues', 'portugues-pontuacao', 'Médio', 'Assinale a alternativa em que a pontuação está de acordo com a norma-padrão.', '["Os servidores, analisaram os relatórios antes da reunião.","Quando o sistema caiu os atendimentos foram interrompidos.","A equipe revisou o documento, e enviou a versão final.","Quando o sistema caiu, os atendimentos foram interrompidos."]'::jsonb, 3, 'A oração subordinada adverbial deslocada pede vírgula: “Quando o sistema caiu, os atendimentos foram interrompidos”.', 38),
  (139, 'portugues', 'portugues-regencia-verbal', 'Difícil', 'Assinale a alternativa redigida de acordo com a norma-padrão de regência.', '["O servidor assistiu o treinamento sobre licitações.","A chefia informou aos servidores sobre a nova rotina.","A equipe preferiu mais o sistema antigo.","Os candidatos obedeceram o regulamento interno."]'::jsonb, 1, '“Informar algo a alguém” está correto. Nas demais, faltam preposição em “assistiu ao” e “obedeceram ao”, e “preferir” não admite “mais”.', 39),
  (140, 'portugues', 'portugues-crase', 'Médio', 'Assinale a alternativa em que o uso do acento indicativo de crase está correto.', '["O documento foi entregue à diretora do setor.","Os servidores retornaram à trabalhar cedo.","A reunião ocorrerá de 14h às 16h, e todos irão à pé.","O atendimento ficou sujeito à atrasos frequentes."]'::jsonb, 0, 'Há crase correta na fusão de preposição exigida pelo verbo com artigo feminino em “à diretora”.', 40),
  (141, 'portugues', 'portugues-concordancia-nominal', 'Fácil', 'Assinale a alternativa em que a concordância nominal está adequada.', '["Seguem anexo os comprovantes solicitados.","Seguem anexas as planilhas solicitadas.","É proibida entrada de pessoas sem crachá.","Muito obrigadas, disse o servidor ao cidadão."]'::jsonb, 1, '“Anexas” concorda com “planilhas”. Em “entrada de pessoas”, a expressão sem determinante costuma ficar invariável: “É proibido entrada...”.', 41),
  (142, 'portugues', 'portugues-reescrita', 'Médio', 'A reescrita que preserva o sentido de “Embora houvesse prazo, o setor não concluiu a análise” é', '["Como houvesse prazo, o setor não concluiu a análise.","Ainda que houvesse prazo, o setor não concluiu a análise.","Conforme houvesse prazo, o setor não concluiu a análise.","Porque houvesse prazo, o setor não concluiu a análise."]'::jsonb, 1, '“Embora” exprime concessão, assim como “ainda que”.', 42),
  (143, 'informatica', 'informatica-microsoft-word', 'Fácil', 'No Microsoft Word, o atalho mais usual para salvar rapidamente o documento em edição é', '["Ctrl+B.","Ctrl+S.","Ctrl+P.","Ctrl+N."]'::jsonb, 1, 'Em atalhos padrão de aplicativos, Ctrl+S salva o arquivo em edição.', 43),
  (144, 'informatica', 'informatica-seguranca-da-informacao', 'Médio', 'Uma senha considerada mais segura tende a ser aquela que', '["usa apenas sequência numérica simples e repetida.","combina letras, números e símbolos sem relação óbvia com dados pessoais.","repete o nome do usuário com o ano atual.","é compartilhada entre colegas da mesma equipe para emergências."]'::jsonb, 1, 'Senhas fortes combinam complexidade, imprevisibilidade e não devem ser compartilhadas.', 44),
  (145, 'informatica', 'informatica-internet-e-navegacao', 'Médio', 'Ao verificar se um site utiliza conexão criptografada, o usuário deve observar principalmente', '["a presença de HTTPS e do cadeado no navegador.","o tamanho da fonte da página inicial.","a quantidade de imagens no topo do site.","a existência de janelas pop-up promocionais."]'::jsonb, 0, 'HTTPS e o cadeado indicam uso de conexão criptografada, embora não eliminem outros cuidados de segurança.', 45),
  (146, 'informatica', 'informatica-compactacao-e-backup', 'Difícil', 'A compactação de arquivos é útil principalmente para', '["eliminar a necessidade de cópia de segurança.","reduzir espaço ocupado e facilitar armazenamento ou envio.","substituir softwares antivírus.","garantir, por si só, a integridade permanente dos dados."]'::jsonb, 1, 'Compactar reduz tamanho e facilita transferência, mas não substitui backup nem outras medidas de segurança.', 46),
  (147, 'raciocinio-logico', 'raciocinio-logico-equivalencia-logica', 'Difícil', 'A proposição “Se o relatório foi revisado, então não há erro material” é logicamente equivalente a', '["Se há erro material, então o relatório foi revisado.","Se há erro material, então o relatório não foi revisado.","O relatório foi revisado e há erro material.","O relatório não foi revisado ou não há erro material."]'::jsonb, 3, 'A condicional p → q é equivalente a ~p ou q. Aqui: “não foi revisado ou não há erro material”.', 47),
  (148, 'raciocinio-logico', 'raciocinio-logico-razao-e-proporcao', 'Médio', 'Em um setor, a razão entre processos concluídos e pendentes é de 5 para 3. Se há 40 processos concluídos, o número de pendentes é', '["18.","20.","24.","25."]'::jsonb, 2, 'Se 5 partes correspondem a 40, cada parte vale 8. Logo, 3 partes correspondem a 24.', 48),
  (149, 'raciocinio-logico', 'raciocinio-logico-problemas-aritmeticos', 'Fácil', 'Uma equipe arquivou 12 processos pela manhã e 18 à tarde. O total arquivado no dia foi de', '["28.","30.","32.","36."]'::jsonb, 1, '12 + 18 = 30 processos.', 49),
  (150, 'raciocinio-logico', 'raciocinio-logico-porcentagem', 'Médio', 'O orçamento de um setor passou de R$ 20.000 para R$ 23.000. O aumento percentual foi de', '["10%.","12%.","15%.","20%."]'::jsonb, 2, 'O aumento foi de R$ 3.000. Como 3.000/20.000 = 0,15, o acréscimo foi de 15%.', 50),
  (151, 'administracao-publica', 'administracao-publica-tomada-de-decisao', 'Médio', 'Ao comparar alternativas, riscos e impacto sobre o cidadão antes de escolher uma medida administrativa, o gestor pratica', '["centralização patrimonial.","processo decisório racional.","mero controle burocrático.","revogação tácita."]'::jsonb, 1, 'O processo decisório racional envolve levantamento de alternativas, critérios, riscos e consequências.', 51),
  (152, 'administracao-publica', 'administracao-publica-gestao-de-pessoas-no-setor-publico', 'Fácil', 'Uma medida coerente com gestão de pessoas é', '["ignorar feedback da equipe.","alinhar metas, capacitação e avaliação de desempenho.","substituir treinamento por ordens verbais.","eliminar comunicação interna."]'::jsonb, 1, 'Gestão de pessoas exige alinhamento de objetivos, desenvolvimento e acompanhamento de desempenho.', 52),
  (153, 'direito-administrativo-e-licitacoes', 'direito-administrativo-e-licitacoes-responsabilidade-civil-do-estado', 'Difícil', 'A responsabilidade objetiva do Estado, em regra, exige demonstração de', '["culpa exclusiva do agente.","dano e nexo causal.","dolo da administração.","sentença penal condenatória."]'::jsonb, 1, 'Na responsabilidade objetiva, em regra, importa comprovar dano e nexo causal entre atuação estatal e prejuízo.', 53),
  (154, 'direito-administrativo-e-licitacoes', 'direito-administrativo-e-licitacoes-processo-licitatorio', 'Médio', 'A fase de julgamento das propostas deve respeitar sobretudo', '["critérios objetivos previamente definidos.","preferências pessoais da comissão.","ajustes informais pós-abertura.","sigilo absoluto dos resultados."]'::jsonb, 0, 'A objetividade do julgamento é base da isonomia e da transparência nas licitações.', 54),
  (155, 'portugues', 'portugues-coesao-textual', 'Médio', 'Em texto administrativo, o uso de conectivos e retomadas pronominais contribui principalmente para', '["obscurecer o sentido.","coesão e progressão textual.","informalidade obrigatória.","supressão de ideias centrais."]'::jsonb, 1, 'Conectivos e retomadas criam ligação entre partes do texto, garantindo coesão.', 55),
  (156, 'portugues', 'portugues-ortografia-oficial', 'Fácil', 'Assinale a alternativa grafada corretamente segundo a norma-padrão.', '["Paralização.","Exceção.","Beneficiente.","Reinvindicação."]'::jsonb, 1, '“Exceção” segue a grafia oficial. As demais apresentam desvios ortográficos.', 56),
  (157, 'informatica', 'informatica-planilhas-e-referencias', 'Difícil', 'Em uma planilha, a referência $A$1 é classificada como', '["relativa.","mista.","absoluta.","oculta."]'::jsonb, 2, 'Com cifrão em coluna e linha, a referência permanece fixa, sendo absoluta.', 57),
  (158, 'informatica', 'informatica-seguranca-em-navegadores', 'Médio', 'Uma prática recomendada ao usar computadores compartilhados é', '["salvar senhas automaticamente em qualquer navegador.","encerrar sessão e limpar dados sensíveis ao sair.","desativar autenticação em dois fatores.","baixar extensões sem verificar origem."]'::jsonb, 1, 'Encerrar sessão e limpar dados sensíveis reduz risco de acesso indevido em máquinas compartilhadas.', 58),
  (159, 'raciocinio-logico', 'raciocinio-logico-tabela-verdade', 'Médio', 'A conjunção entre duas proposições simples será verdadeira apenas quando', '["uma delas for verdadeira.","ambas forem verdadeiras.","ambas forem falsas.","a segunda for falsa."]'::jsonb, 1, 'A conjunção p ∧ q somente é verdadeira quando as duas proposições são verdadeiras.', 59),
  (160, 'raciocinio-logico', 'raciocinio-logico-analise-combinatoria-basica', 'Difícil', 'Uma banca elaborará uma sequência com 3 questões distintas escolhidas entre 5 disponíveis. Considerando a ordem, o total de sequências possíveis é', '["10.","20.","60.","125."]'::jsonb, 2, 'Trata-se de arranjo simples: 5 × 4 × 3 = 60.', 60),
  (161, 'administracao-publica', 'administracao-publica-planejamento-governamental', 'Fácil', 'No âmbito da gestão pública, o planejamento governamental contribui para', '["alinhar objetivos, recursos e prioridades institucionais.","substituir integralmente os controles de execução.","dispensar avaliação posterior dos resultados.","eliminar a necessidade de indicadores."]'::jsonb, 0, 'Planejamento governamental organiza prioridades, recursos e metas para orientar a ação administrativa.', 61),
  (162, 'administracao-publica', 'administracao-publica-gestao-por-processos', 'Médio', 'No mapeamento de processos, a identificação de gargalos serve para', '["aumentar exigências sem relação com o resultado final.","substituir padrões por decisões casuísticas das chefias.","eliminar registros que permitam acompanhamento.","melhorar o fluxo com foco em eficiência e entrega ao usuário."]'::jsonb, 3, 'Gestão por processos prioriza fluxo, eficiência, padronização e valor ao usuário.', 62),
  (163, 'administracao-publica', 'administracao-publica-governanca-e-integridade', 'Difícil', 'Quando um órgão publica critérios, monitora riscos e define responsabilidades, ele fortalece', '["substituem a legalidade por conveniência política.","permitem decisões sem supervisão.","reduzem riscos e reforçam direção, controle e accountability.","eliminam a necessidade de prestar contas."]'::jsonb, 2, 'Governança e integridade estruturam controles, transparência e responsabilização.', 63),
  (164, 'administracao-publica', 'administracao-publica-indicadores-de-desempenho', 'Fácil', 'Indicadores de desempenho são úteis porque permitem', '["tornar desnecessária a prestação de contas.","acompanhar resultados e apoiar decisões corretivas.","dispensar metas e padrões de comparação.","substituir totalmente a análise qualitativa."]'::jsonb, 1, 'Indicadores permitem monitoramento, comparação com metas e correção de desvios.', 64),
  (165, 'administracao-publica', 'administracao-publica-lideranca-e-motivacao', 'Médio', 'Uma chefia que orienta, comunica prioridades e acompanha a equipe está atuando em', '["alinhe pessoas, comunicação e execução às metas do órgão.","elimine feedbacks para evitar conflito.","concentre todas as decisões operacionais sem diálogo.","substitua planejamento por ordens imprecisas."]'::jsonb, 0, 'Liderança envolve orientação, comunicação e alinhamento das pessoas aos objetivos institucionais.', 65),
  (166, 'administracao-publica', 'administracao-publica-qualidade-no-servico-publico', 'Difícil', 'Um efeito esperado da melhoria contínua é', '["reduzir transparência para ganhar velocidade.","eliminar toda mensuração de desempenho.","substituir treinamento por improviso.","padronizar processos e ampliar a satisfação do usuário."]'::jsonb, 3, 'Qualidade envolve padronização, melhoria contínua e foco no usuário.', 66),
  (167, 'administracao-publica', 'administracao-publica-estrutura-organizacional', 'Fácil', 'A departamentalização funcional é caracterizada por', '["eliminação de qualquer nível de coordenação.","confusão entre autoridade e responsabilidade.","agrupamento de atividades por função ou especialidade.","separação de equipes exclusivamente por interesse pessoal."]'::jsonb, 2, 'Departamentalização funcional agrupa atividades por especialidade ou função semelhante.', 67),
  (168, 'administracao-publica', 'administracao-publica-controle-administrativo', 'Médio', 'A função de controle é indispensável para', '["evitar qualquer ajuste no curso da execução.","identificar desvios e adotar medidas corretivas.","dispensar planejamento inicial.","substituir a direção de pessoas por rotinas automáticas."]'::jsonb, 1, 'Controle mede resultados, compara com padrões e orienta correções.', 68),
  (169, 'administracao-publica', 'administracao-publica-planejamento-governamental', 'Difícil', 'No ciclo gerencial, o planejamento governamental tem como efeito esperado', '["alinhar objetivos, recursos e prioridades institucionais.","substituir integralmente os controles de execução.","dispensar avaliação posterior dos resultados.","eliminar a necessidade de indicadores."]'::jsonb, 0, 'Planejamento governamental organiza prioridades, recursos e metas para orientar a ação administrativa.', 69),
  (170, 'administracao-publica', 'administracao-publica-gestao-por-processos', 'Fácil', 'Em um órgão que redesenha seu fluxo de protocolo para reduzir retrabalho, a providência mais aderente à gestão por processos é', '["aumentar exigências sem relação com o resultado final.","substituir padrões por decisões casuísticas das chefias.","eliminar registros que permitam acompanhamento.","melhorar o fluxo com foco em eficiência e entrega ao usuário."]'::jsonb, 3, 'Gestão por processos prioriza fluxo, eficiência, padronização e valor ao usuário.', 70),
  (171, 'administracao-publica', 'administracao-publica-governanca-e-integridade', 'Médio', 'A adoção de controles internos, transparência e responsabilização reforça', '["substituem a legalidade por conveniência política.","permitem decisões sem supervisão.","reduzem riscos e reforçam direção, controle e accountability.","eliminam a necessidade de prestar contas."]'::jsonb, 2, 'Governança e integridade estruturam controles, transparência e responsabilização.', 71),
  (172, 'administracao-publica', 'administracao-publica-indicadores-de-desempenho', 'Difícil', 'No setor público, um indicador bem definido deve favorecer', '["tornar desnecessária a prestação de contas.","acompanhar resultados e apoiar decisões corretivas.","dispensar metas e padrões de comparação.","substituir totalmente a análise qualitativa."]'::jsonb, 1, 'Indicadores permitem monitoramento, comparação com metas e correção de desvios.', 72),
  (173, 'administracao-publica', 'administracao-publica-lideranca-e-motivacao', 'Fácil', 'No exercício da liderança, espera-se que o gestor público', '["alinhe pessoas, comunicação e execução às metas do órgão.","elimine feedbacks para evitar conflito.","concentre todas as decisões operacionais sem diálogo.","substitua planejamento por ordens imprecisas."]'::jsonb, 0, 'Liderança envolve orientação, comunicação e alinhamento das pessoas aos objetivos institucionais.', 73),
  (174, 'administracao-publica', 'administracao-publica-qualidade-no-servico-publico', 'Médio', 'Quando o órgão revisa rotinas e corrige falhas recorrentes, está perseguindo', '["reduzir transparência para ganhar velocidade.","eliminar toda mensuração de desempenho.","substituir treinamento por improviso.","padronizar processos e ampliar a satisfação do usuário."]'::jsonb, 3, 'Qualidade envolve padronização, melhoria contínua e foco no usuário.', 74),
  (175, 'administracao-publica', 'administracao-publica-estrutura-organizacional', 'Difícil', 'A especialização por áreas técnicas costuma favorecer', '["eliminação de qualquer nível de coordenação.","confusão entre autoridade e responsabilidade.","agrupamento de atividades por função ou especialidade.","separação de equipes exclusivamente por interesse pessoal."]'::jsonb, 2, 'Departamentalização funcional agrupa atividades por especialidade ou função semelhante.', 75),
  (176, 'administracao-publica', 'administracao-publica-controle-administrativo', 'Fácil', 'No controle administrativo, a comparação entre resultado alcançado e meta prevista permite', '["evitar qualquer ajuste no curso da execução.","identificar desvios e adotar medidas corretivas.","dispensar planejamento inicial.","substituir a direção de pessoas por rotinas automáticas."]'::jsonb, 1, 'Controle mede resultados, compara com padrões e orienta correções.', 76),
  (177, 'administracao-publica', 'administracao-publica-planejamento-governamental', 'Médio', 'Ao elaborar metas anuais compatíveis com objetivos institucionais, a administração busca', '["alinhar objetivos, recursos e prioridades institucionais.","substituir integralmente os controles de execução.","dispensar avaliação posterior dos resultados.","eliminar a necessidade de indicadores."]'::jsonb, 0, 'Planejamento governamental organiza prioridades, recursos e metas para orientar a ação administrativa.', 77),
  (178, 'administracao-publica', 'administracao-publica-gestao-por-processos', 'Difícil', 'Ao padronizar etapas críticas e medir tempo de atendimento, a equipe busca', '["aumentar exigências sem relação com o resultado final.","substituir padrões por decisões casuísticas das chefias.","eliminar registros que permitam acompanhamento.","melhorar o fluxo com foco em eficiência e entrega ao usuário."]'::jsonb, 3, 'Gestão por processos prioriza fluxo, eficiência, padronização e valor ao usuário.', 78),
  (179, 'administracao-publica', 'administracao-publica-governanca-e-integridade', 'Fácil', 'Na governança pública, mecanismos de integridade são importantes porque', '["substituem a legalidade por conveniência política.","permitem decisões sem supervisão.","reduzem riscos e reforçam direção, controle e accountability.","eliminam a necessidade de prestar contas."]'::jsonb, 2, 'Governança e integridade estruturam controles, transparência e responsabilização.', 79),
  (180, 'administracao-publica', 'administracao-publica-indicadores-de-desempenho', 'Médio', 'Ao medir tempo médio de resposta e taxa de retrabalho, a gestão consegue', '["tornar desnecessária a prestação de contas.","acompanhar resultados e apoiar decisões corretivas.","dispensar metas e padrões de comparação.","substituir totalmente a análise qualitativa."]'::jsonb, 1, 'Indicadores permitem monitoramento, comparação com metas e correção de desvios.', 80),
  (181, 'administracao-publica', 'administracao-publica-lideranca-e-motivacao', 'Difícil', 'A motivação de equipes tende a melhorar quando a liderança', '["alinhe pessoas, comunicação e execução às metas do órgão.","elimine feedbacks para evitar conflito.","concentre todas as decisões operacionais sem diálogo.","substitua planejamento por ordens imprecisas."]'::jsonb, 0, 'Liderança envolve orientação, comunicação e alinhamento das pessoas aos objetivos institucionais.', 81),
  (182, 'administracao-publica', 'administracao-publica-qualidade-no-servico-publico', 'Fácil', 'A gestão da qualidade no serviço público busca', '["reduzir transparência para ganhar velocidade.","eliminar toda mensuração de desempenho.","substituir treinamento por improviso.","padronizar processos e ampliar a satisfação do usuário."]'::jsonb, 3, 'Qualidade envolve padronização, melhoria contínua e foco no usuário.', 82),
  (183, 'administracao-publica', 'administracao-publica-estrutura-organizacional', 'Médio', 'Em uma estrutura organizada por finanças, compras e pessoas, há predominância de', '["eliminação de qualquer nível de coordenação.","confusão entre autoridade e responsabilidade.","agrupamento de atividades por função ou especialidade.","separação de equipes exclusivamente por interesse pessoal."]'::jsonb, 2, 'Departamentalização funcional agrupa atividades por especialidade ou função semelhante.', 83),
  (184, 'administracao-publica', 'administracao-publica-controle-administrativo', 'Difícil', 'Quando a chefia monitora execução e corrige desvios, está', '["evitar qualquer ajuste no curso da execução.","identificar desvios e adotar medidas corretivas.","dispensar planejamento inicial.","substituir a direção de pessoas por rotinas automáticas."]'::jsonb, 1, 'Controle mede resultados, compara com padrões e orienta correções.', 84),
  (185, 'administracao-publica', 'administracao-publica-planejamento-governamental', 'Fácil', 'No âmbito da gestão pública, o planejamento governamental contribui para', '["alinhar objetivos, recursos e prioridades institucionais.","substituir integralmente os controles de execução.","dispensar avaliação posterior dos resultados.","eliminar a necessidade de indicadores."]'::jsonb, 0, 'Planejamento governamental organiza prioridades, recursos e metas para orientar a ação administrativa.', 85),
  (186, 'administracao-publica', 'administracao-publica-gestao-por-processos', 'Médio', 'No mapeamento de processos, a identificação de gargalos serve para', '["aumentar exigências sem relação com o resultado final.","substituir padrões por decisões casuísticas das chefias.","eliminar registros que permitam acompanhamento.","melhorar o fluxo com foco em eficiência e entrega ao usuário."]'::jsonb, 3, 'Gestão por processos prioriza fluxo, eficiência, padronização e valor ao usuário.', 86),
  (187, 'administracao-publica', 'administracao-publica-governanca-e-integridade', 'Difícil', 'Quando um órgão publica critérios, monitora riscos e define responsabilidades, ele fortalece', '["substituem a legalidade por conveniência política.","permitem decisões sem supervisão.","reduzem riscos e reforçam direção, controle e accountability.","eliminam a necessidade de prestar contas."]'::jsonb, 2, 'Governança e integridade estruturam controles, transparência e responsabilização.', 87),
  (188, 'administracao-publica', 'administracao-publica-indicadores-de-desempenho', 'Fácil', 'Indicadores de desempenho são úteis porque permitem', '["tornar desnecessária a prestação de contas.","acompanhar resultados e apoiar decisões corretivas.","dispensar metas e padrões de comparação.","substituir totalmente a análise qualitativa."]'::jsonb, 1, 'Indicadores permitem monitoramento, comparação com metas e correção de desvios.', 88),
  (189, 'administracao-publica', 'administracao-publica-lideranca-e-motivacao', 'Médio', 'Uma chefia que orienta, comunica prioridades e acompanha a equipe está atuando em', '["alinhe pessoas, comunicação e execução às metas do órgão.","elimine feedbacks para evitar conflito.","concentre todas as decisões operacionais sem diálogo.","substitua planejamento por ordens imprecisas."]'::jsonb, 0, 'Liderança envolve orientação, comunicação e alinhamento das pessoas aos objetivos institucionais.', 89),
  (190, 'administracao-publica', 'administracao-publica-qualidade-no-servico-publico', 'Difícil', 'Um efeito esperado da melhoria contínua é', '["reduzir transparência para ganhar velocidade.","eliminar toda mensuração de desempenho.","substituir treinamento por improviso.","padronizar processos e ampliar a satisfação do usuário."]'::jsonb, 3, 'Qualidade envolve padronização, melhoria contínua e foco no usuário.', 90),
  (191, 'administracao-publica', 'administracao-publica-estrutura-organizacional', 'Fácil', 'A departamentalização funcional é caracterizada por', '["eliminação de qualquer nível de coordenação.","confusão entre autoridade e responsabilidade.","agrupamento de atividades por função ou especialidade.","separação de equipes exclusivamente por interesse pessoal."]'::jsonb, 2, 'Departamentalização funcional agrupa atividades por especialidade ou função semelhante.', 91),
  (192, 'administracao-publica', 'administracao-publica-controle-administrativo', 'Médio', 'A função de controle é indispensável para', '["evitar qualquer ajuste no curso da execução.","identificar desvios e adotar medidas corretivas.","dispensar planejamento inicial.","substituir a direção de pessoas por rotinas automáticas."]'::jsonb, 1, 'Controle mede resultados, compara com padrões e orienta correções.', 92),
  (193, 'administracao-publica', 'administracao-publica-planejamento-governamental', 'Difícil', 'No ciclo gerencial, o planejamento governamental tem como efeito esperado', '["alinhar objetivos, recursos e prioridades institucionais.","substituir integralmente os controles de execução.","dispensar avaliação posterior dos resultados.","eliminar a necessidade de indicadores."]'::jsonb, 0, 'Planejamento governamental organiza prioridades, recursos e metas para orientar a ação administrativa.', 93),
  (194, 'administracao-publica', 'administracao-publica-gestao-por-processos', 'Fácil', 'Em um órgão que redesenha seu fluxo de protocolo para reduzir retrabalho, a providência mais aderente à gestão por processos é', '["aumentar exigências sem relação com o resultado final.","substituir padrões por decisões casuísticas das chefias.","eliminar registros que permitam acompanhamento.","melhorar o fluxo com foco em eficiência e entrega ao usuário."]'::jsonb, 3, 'Gestão por processos prioriza fluxo, eficiência, padronização e valor ao usuário.', 94),
  (195, 'administracao-publica', 'administracao-publica-governanca-e-integridade', 'Médio', 'A adoção de controles internos, transparência e responsabilização reforça', '["substituem a legalidade por conveniência política.","permitem decisões sem supervisão.","reduzem riscos e reforçam direção, controle e accountability.","eliminam a necessidade de prestar contas."]'::jsonb, 2, 'Governança e integridade estruturam controles, transparência e responsabilização.', 95),
  (196, 'administracao-publica', 'administracao-publica-indicadores-de-desempenho', 'Difícil', 'No setor público, um indicador bem definido deve favorecer', '["tornar desnecessária a prestação de contas.","acompanhar resultados e apoiar decisões corretivas.","dispensar metas e padrões de comparação.","substituir totalmente a análise qualitativa."]'::jsonb, 1, 'Indicadores permitem monitoramento, comparação com metas e correção de desvios.', 96),
  (197, 'administracao-publica', 'administracao-publica-lideranca-e-motivacao', 'Fácil', 'No exercício da liderança, espera-se que o gestor público', '["alinhe pessoas, comunicação e execução às metas do órgão.","elimine feedbacks para evitar conflito.","concentre todas as decisões operacionais sem diálogo.","substitua planejamento por ordens imprecisas."]'::jsonb, 0, 'Liderança envolve orientação, comunicação e alinhamento das pessoas aos objetivos institucionais.', 97),
  (198, 'administracao-publica', 'administracao-publica-qualidade-no-servico-publico', 'Médio', 'Quando o órgão revisa rotinas e corrige falhas recorrentes, está perseguindo', '["reduzir transparência para ganhar velocidade.","eliminar toda mensuração de desempenho.","substituir treinamento por improviso.","padronizar processos e ampliar a satisfação do usuário."]'::jsonb, 3, 'Qualidade envolve padronização, melhoria contínua e foco no usuário.', 98),
  (199, 'administracao-publica', 'administracao-publica-estrutura-organizacional', 'Difícil', 'A especialização por áreas técnicas costuma favorecer', '["eliminação de qualquer nível de coordenação.","confusão entre autoridade e responsabilidade.","agrupamento de atividades por função ou especialidade.","separação de equipes exclusivamente por interesse pessoal."]'::jsonb, 2, 'Departamentalização funcional agrupa atividades por especialidade ou função semelhante.', 99),
  (200, 'administracao-publica', 'administracao-publica-controle-administrativo', 'Fácil', 'No controle administrativo, a comparação entre resultado alcançado e meta prevista permite', '["evitar qualquer ajuste no curso da execução.","identificar desvios e adotar medidas corretivas.","dispensar planejamento inicial.","substituir a direção de pessoas por rotinas automáticas."]'::jsonb, 1, 'Controle mede resultados, compara com padrões e orienta correções.', 100),
  (201, 'direito-administrativo-e-licitacoes', 'direito-administrativo-e-licitacoes-principios-da-administracao-publica', 'Fácil', 'O princípio da impessoalidade exige que a administração', '["atue sem favorecimentos pessoais e com foco no interesse público.","substitua a legalidade por vontade do gestor.","mantenha sigilo como regra geral.","dispense motivação dos atos."]'::jsonb, 0, 'Impessoalidade, publicidade e moralidade orientam atuação objetiva, transparente e ética.', 101),
  (202, 'direito-administrativo-e-licitacoes', 'direito-administrativo-e-licitacoes-atos-administrativos', 'Médio', 'A motivação do ato administrativo é relevante porque', '["forma, ainda que o procedimento esteja regular.","objeto, independentemente do conteúdo do ato.","competência, mesmo com investidura válida.","finalidade, pois houve desvio em relação ao fim legal."]'::jsonb, 3, 'Desvio de finalidade compromete o elemento finalidade do ato administrativo.', 102),
  (203, 'direito-administrativo-e-licitacoes', 'direito-administrativo-e-licitacoes-poderes-administrativos', 'Difícil', 'No exercício do poder de polícia, a administração pode', '["afastar o devido processo em sanções.","renunciar à proteção do interesse público.","organizar, coordenar e fiscalizar atividades internas.","editar leis em substituição ao Legislativo."]'::jsonb, 2, 'O poder hierárquico disciplina relações internas de coordenação e fiscalização.', 103),
  (204, 'direito-administrativo-e-licitacoes', 'direito-administrativo-e-licitacoes-processo-administrativo', 'Fácil', 'No processo administrativo, o contraditório e a ampla defesa servem para', '["sigilo irrestrito do procedimento.","assegurar participação do interessado e controle da decisão.","supressão da ciência do administrado.","dispensa de formalização mínima."]'::jsonb, 1, 'Contraditório, ampla defesa e motivação reforçam legalidade, transparência e controle.', 104),
  (205, 'direito-administrativo-e-licitacoes', 'direito-administrativo-e-licitacoes-lei-n-14-133-2021', 'Médio', 'O estudo técnico preliminar é importante porque', '["estruturar a contratação com planejamento, riscos e definição do objeto.","ser dispensado em objetos habituais sem justificativa.","substituir o julgamento das propostas.","permitir descrição genérica e ambígua do objeto."]'::jsonb, 0, 'A Lei nº 14.133/2021 reforça planejamento, ETP, termo de referência e gestão de riscos.', 105),
  (206, 'direito-administrativo-e-licitacoes', 'direito-administrativo-e-licitacoes-licitacoes-e-contratos', 'Difícil', 'No contrato administrativo, sanções por inadimplemento buscam', '["define prazos compatíveis com a complexidade do objeto.","explicita requisitos proporcionais de habilitação.","prevê mecanismos de fiscalização da execução.","restringe indevidamente a disputa sem justificativa técnica."]'::jsonb, 3, 'A restrição injustificada à competitividade viola a isonomia e a seleção da proposta mais vantajosa.', 106),
  (207, 'direito-administrativo-e-licitacoes', 'direito-administrativo-e-licitacoes-responsabilidade-civil-do-estado', 'Fácil', 'Em regra, a responsabilidade objetiva do Estado exige comprovação de', '["sentença penal prévia em qualquer hipótese.","autorização administrativa para pleitear reparação.","dano e nexo causal entre a atuação estatal e o prejuízo.","culpa genérica da vítima como elemento obrigatório."]'::jsonb, 2, 'Na responsabilidade objetiva do Estado, em regra, analisam-se dano e nexo causal.', 107),
  (208, 'direito-administrativo-e-licitacoes', 'direito-administrativo-e-licitacoes-bens-publicos-e-controle', 'Médio', 'O controle administrativo interno decorre da autotutela porque a administração pode', '["ao uso exclusivo de particulares escolhidos pela chefia.","ao uso da coletividade e à proteção do interesse público.","ao patrimônio privado do agente.","à alienação automática sem procedimento."]'::jsonb, 1, 'Bens públicos têm regime próprio, e a autotutela permite controle e revisão administrativa.', 108),
  (209, 'direito-administrativo-e-licitacoes', 'direito-administrativo-e-licitacoes-improbidade-e-etica-publica', 'Difícil', 'Medidas de integridade na administração ajudam a', '["probidade, lealdade institucional e respeito ao interesse público.","priorizar conveniências pessoais sobre normas.","dispensar controles de prevenção.","substituir deveres legais por critérios subjetivos."]'::jsonb, 0, 'Ética pública e integridade reforçam probidade e proteção do interesse público.', 109),
  (210, 'direito-administrativo-e-licitacoes', 'direito-administrativo-e-licitacoes-principios-da-administracao-publica', 'Fácil', 'O princípio da impessoalidade exige que a administração', '["substitua a legalidade por vontade do gestor.","mantenha sigilo como regra geral.","dispense motivação dos atos.","atue sem favorecimentos pessoais e com foco no interesse público."]'::jsonb, 3, 'Impessoalidade, publicidade e moralidade orientam atuação objetiva, transparente e ética.', 110),
  (211, 'direito-administrativo-e-licitacoes', 'direito-administrativo-e-licitacoes-atos-administrativos', 'Médio', 'A motivação do ato administrativo é relevante porque', '["objeto, independentemente do conteúdo do ato.","competência, mesmo com investidura válida.","finalidade, pois houve desvio em relação ao fim legal.","forma, ainda que o procedimento esteja regular."]'::jsonb, 2, 'Desvio de finalidade compromete o elemento finalidade do ato administrativo.', 111),
  (212, 'direito-administrativo-e-licitacoes', 'direito-administrativo-e-licitacoes-poderes-administrativos', 'Difícil', 'No exercício do poder de polícia, a administração pode', '["renunciar à proteção do interesse público.","organizar, coordenar e fiscalizar atividades internas.","editar leis em substituição ao Legislativo.","afastar o devido processo em sanções."]'::jsonb, 1, 'O poder hierárquico disciplina relações internas de coordenação e fiscalização.', 112),
  (213, 'direito-administrativo-e-licitacoes', 'direito-administrativo-e-licitacoes-processo-administrativo', 'Fácil', 'No processo administrativo, o contraditório e a ampla defesa servem para', '["assegurar participação do interessado e controle da decisão.","supressão da ciência do administrado.","dispensa de formalização mínima.","sigilo irrestrito do procedimento."]'::jsonb, 0, 'Contraditório, ampla defesa e motivação reforçam legalidade, transparência e controle.', 113),
  (214, 'direito-administrativo-e-licitacoes', 'direito-administrativo-e-licitacoes-lei-n-14-133-2021', 'Médio', 'O estudo técnico preliminar é importante porque', '["ser dispensado em objetos habituais sem justificativa.","substituir o julgamento das propostas.","permitir descrição genérica e ambígua do objeto.","estruturar a contratação com planejamento, riscos e definição do objeto."]'::jsonb, 3, 'A Lei nº 14.133/2021 reforça planejamento, ETP, termo de referência e gestão de riscos.', 114),
  (215, 'direito-administrativo-e-licitacoes', 'direito-administrativo-e-licitacoes-licitacoes-e-contratos', 'Difícil', 'No contrato administrativo, sanções por inadimplemento buscam', '["explicita requisitos proporcionais de habilitação.","prevê mecanismos de fiscalização da execução.","restringe indevidamente a disputa sem justificativa técnica.","define prazos compatíveis com a complexidade do objeto."]'::jsonb, 2, 'A restrição injustificada à competitividade viola a isonomia e a seleção da proposta mais vantajosa.', 115),
  (216, 'direito-administrativo-e-licitacoes', 'direito-administrativo-e-licitacoes-responsabilidade-civil-do-estado', 'Fácil', 'Em regra, a responsabilidade objetiva do Estado exige comprovação de', '["autorização administrativa para pleitear reparação.","dano e nexo causal entre a atuação estatal e o prejuízo.","culpa genérica da vítima como elemento obrigatório.","sentença penal prévia em qualquer hipótese."]'::jsonb, 1, 'Na responsabilidade objetiva do Estado, em regra, analisam-se dano e nexo causal.', 116),
  (217, 'direito-administrativo-e-licitacoes', 'direito-administrativo-e-licitacoes-bens-publicos-e-controle', 'Médio', 'O controle administrativo interno decorre da autotutela porque a administração pode', '["ao uso da coletividade e à proteção do interesse público.","ao patrimônio privado do agente.","à alienação automática sem procedimento.","ao uso exclusivo de particulares escolhidos pela chefia."]'::jsonb, 0, 'Bens públicos têm regime próprio, e a autotutela permite controle e revisão administrativa.', 117),
  (218, 'direito-administrativo-e-licitacoes', 'direito-administrativo-e-licitacoes-improbidade-e-etica-publica', 'Difícil', 'Medidas de integridade na administração ajudam a', '["priorizar conveniências pessoais sobre normas.","dispensar controles de prevenção.","substituir deveres legais por critérios subjetivos.","probidade, lealdade institucional e respeito ao interesse público."]'::jsonb, 3, 'Ética pública e integridade reforçam probidade e proteção do interesse público.', 118),
  (219, 'direito-administrativo-e-licitacoes', 'direito-administrativo-e-licitacoes-principios-da-administracao-publica', 'Fácil', 'O princípio da impessoalidade exige que a administração', '["mantenha sigilo como regra geral.","dispense motivação dos atos.","atue sem favorecimentos pessoais e com foco no interesse público.","substitua a legalidade por vontade do gestor."]'::jsonb, 2, 'Impessoalidade, publicidade e moralidade orientam atuação objetiva, transparente e ética.', 119),
  (220, 'direito-administrativo-e-licitacoes', 'direito-administrativo-e-licitacoes-atos-administrativos', 'Médio', 'A motivação do ato administrativo é relevante porque', '["competência, mesmo com investidura válida.","finalidade, pois houve desvio em relação ao fim legal.","forma, ainda que o procedimento esteja regular.","objeto, independentemente do conteúdo do ato."]'::jsonb, 1, 'Desvio de finalidade compromete o elemento finalidade do ato administrativo.', 120),
  (221, 'direito-administrativo-e-licitacoes', 'direito-administrativo-e-licitacoes-poderes-administrativos', 'Difícil', 'No exercício do poder de polícia, a administração pode', '["organizar, coordenar e fiscalizar atividades internas.","editar leis em substituição ao Legislativo.","afastar o devido processo em sanções.","renunciar à proteção do interesse público."]'::jsonb, 0, 'O poder hierárquico disciplina relações internas de coordenação e fiscalização.', 121),
  (222, 'direito-administrativo-e-licitacoes', 'direito-administrativo-e-licitacoes-processo-administrativo', 'Fácil', 'No processo administrativo, o contraditório e a ampla defesa servem para', '["supressão da ciência do administrado.","dispensa de formalização mínima.","sigilo irrestrito do procedimento.","assegurar participação do interessado e controle da decisão."]'::jsonb, 3, 'Contraditório, ampla defesa e motivação reforçam legalidade, transparência e controle.', 122),
  (223, 'direito-administrativo-e-licitacoes', 'direito-administrativo-e-licitacoes-lei-n-14-133-2021', 'Médio', 'O estudo técnico preliminar é importante porque', '["substituir o julgamento das propostas.","permitir descrição genérica e ambígua do objeto.","estruturar a contratação com planejamento, riscos e definição do objeto.","ser dispensado em objetos habituais sem justificativa."]'::jsonb, 2, 'A Lei nº 14.133/2021 reforça planejamento, ETP, termo de referência e gestão de riscos.', 123),
  (224, 'direito-administrativo-e-licitacoes', 'direito-administrativo-e-licitacoes-licitacoes-e-contratos', 'Difícil', 'No contrato administrativo, sanções por inadimplemento buscam', '["prevê mecanismos de fiscalização da execução.","restringe indevidamente a disputa sem justificativa técnica.","define prazos compatíveis com a complexidade do objeto.","explicita requisitos proporcionais de habilitação."]'::jsonb, 1, 'A restrição injustificada à competitividade viola a isonomia e a seleção da proposta mais vantajosa.', 124),
  (225, 'direito-administrativo-e-licitacoes', 'direito-administrativo-e-licitacoes-responsabilidade-civil-do-estado', 'Fácil', 'Em regra, a responsabilidade objetiva do Estado exige comprovação de', '["dano e nexo causal entre a atuação estatal e o prejuízo.","culpa genérica da vítima como elemento obrigatório.","sentença penal prévia em qualquer hipótese.","autorização administrativa para pleitear reparação."]'::jsonb, 0, 'Na responsabilidade objetiva do Estado, em regra, analisam-se dano e nexo causal.', 125),
  (226, 'direito-administrativo-e-licitacoes', 'direito-administrativo-e-licitacoes-bens-publicos-e-controle', 'Médio', 'O controle administrativo interno decorre da autotutela porque a administração pode', '["ao patrimônio privado do agente.","à alienação automática sem procedimento.","ao uso exclusivo de particulares escolhidos pela chefia.","ao uso da coletividade e à proteção do interesse público."]'::jsonb, 3, 'Bens públicos têm regime próprio, e a autotutela permite controle e revisão administrativa.', 126),
  (227, 'direito-administrativo-e-licitacoes', 'direito-administrativo-e-licitacoes-improbidade-e-etica-publica', 'Difícil', 'Medidas de integridade na administração ajudam a', '["dispensar controles de prevenção.","substituir deveres legais por critérios subjetivos.","probidade, lealdade institucional e respeito ao interesse público.","priorizar conveniências pessoais sobre normas."]'::jsonb, 2, 'Ética pública e integridade reforçam probidade e proteção do interesse público.', 127),
  (228, 'direito-administrativo-e-licitacoes', 'direito-administrativo-e-licitacoes-principios-da-administracao-publica', 'Fácil', 'O princípio da impessoalidade exige que a administração', '["dispense motivação dos atos.","atue sem favorecimentos pessoais e com foco no interesse público.","substitua a legalidade por vontade do gestor.","mantenha sigilo como regra geral."]'::jsonb, 1, 'Impessoalidade, publicidade e moralidade orientam atuação objetiva, transparente e ética.', 128),
  (229, 'direito-administrativo-e-licitacoes', 'direito-administrativo-e-licitacoes-atos-administrativos', 'Médio', 'A motivação do ato administrativo é relevante porque', '["finalidade, pois houve desvio em relação ao fim legal.","forma, ainda que o procedimento esteja regular.","objeto, independentemente do conteúdo do ato.","competência, mesmo com investidura válida."]'::jsonb, 0, 'Desvio de finalidade compromete o elemento finalidade do ato administrativo.', 129),
  (230, 'direito-administrativo-e-licitacoes', 'direito-administrativo-e-licitacoes-poderes-administrativos', 'Difícil', 'No exercício do poder de polícia, a administração pode', '["editar leis em substituição ao Legislativo.","afastar o devido processo em sanções.","renunciar à proteção do interesse público.","organizar, coordenar e fiscalizar atividades internas."]'::jsonb, 3, 'O poder hierárquico disciplina relações internas de coordenação e fiscalização.', 130),
  (231, 'direito-administrativo-e-licitacoes', 'direito-administrativo-e-licitacoes-processo-administrativo', 'Fácil', 'No processo administrativo, o contraditório e a ampla defesa servem para', '["dispensa de formalização mínima.","sigilo irrestrito do procedimento.","assegurar participação do interessado e controle da decisão.","supressão da ciência do administrado."]'::jsonb, 2, 'Contraditório, ampla defesa e motivação reforçam legalidade, transparência e controle.', 131),
  (232, 'direito-administrativo-e-licitacoes', 'direito-administrativo-e-licitacoes-lei-n-14-133-2021', 'Médio', 'O estudo técnico preliminar é importante porque', '["permitir descrição genérica e ambígua do objeto.","estruturar a contratação com planejamento, riscos e definição do objeto.","ser dispensado em objetos habituais sem justificativa.","substituir o julgamento das propostas."]'::jsonb, 1, 'A Lei nº 14.133/2021 reforça planejamento, ETP, termo de referência e gestão de riscos.', 132),
  (233, 'direito-administrativo-e-licitacoes', 'direito-administrativo-e-licitacoes-licitacoes-e-contratos', 'Difícil', 'No contrato administrativo, sanções por inadimplemento buscam', '["restringe indevidamente a disputa sem justificativa técnica.","define prazos compatíveis com a complexidade do objeto.","explicita requisitos proporcionais de habilitação.","prevê mecanismos de fiscalização da execução."]'::jsonb, 0, 'A restrição injustificada à competitividade viola a isonomia e a seleção da proposta mais vantajosa.', 133),
  (234, 'direito-administrativo-e-licitacoes', 'direito-administrativo-e-licitacoes-responsabilidade-civil-do-estado', 'Fácil', 'Em regra, a responsabilidade objetiva do Estado exige comprovação de', '["culpa genérica da vítima como elemento obrigatório.","sentença penal prévia em qualquer hipótese.","autorização administrativa para pleitear reparação.","dano e nexo causal entre a atuação estatal e o prejuízo."]'::jsonb, 3, 'Na responsabilidade objetiva do Estado, em regra, analisam-se dano e nexo causal.', 134),
  (235, 'direito-administrativo-e-licitacoes', 'direito-administrativo-e-licitacoes-bens-publicos-e-controle', 'Médio', 'O controle administrativo interno decorre da autotutela porque a administração pode', '["à alienação automática sem procedimento.","ao uso exclusivo de particulares escolhidos pela chefia.","ao uso da coletividade e à proteção do interesse público.","ao patrimônio privado do agente."]'::jsonb, 2, 'Bens públicos têm regime próprio, e a autotutela permite controle e revisão administrativa.', 135),
  (236, 'direito-administrativo-e-licitacoes', 'direito-administrativo-e-licitacoes-improbidade-e-etica-publica', 'Difícil', 'Medidas de integridade na administração ajudam a', '["substituir deveres legais por critérios subjetivos.","probidade, lealdade institucional e respeito ao interesse público.","priorizar conveniências pessoais sobre normas.","dispensar controles de prevenção."]'::jsonb, 1, 'Ética pública e integridade reforçam probidade e proteção do interesse público.', 136),
  (237, 'direito-administrativo-e-licitacoes', 'direito-administrativo-e-licitacoes-principios-da-administracao-publica', 'Fácil', 'O princípio da impessoalidade exige que a administração', '["atue sem favorecimentos pessoais e com foco no interesse público.","substitua a legalidade por vontade do gestor.","mantenha sigilo como regra geral.","dispense motivação dos atos."]'::jsonb, 0, 'Impessoalidade, publicidade e moralidade orientam atuação objetiva, transparente e ética.', 137),
  (238, 'direito-administrativo-e-licitacoes', 'direito-administrativo-e-licitacoes-atos-administrativos', 'Médio', 'A motivação do ato administrativo é relevante porque', '["forma, ainda que o procedimento esteja regular.","objeto, independentemente do conteúdo do ato.","competência, mesmo com investidura válida.","finalidade, pois houve desvio em relação ao fim legal."]'::jsonb, 3, 'Desvio de finalidade compromete o elemento finalidade do ato administrativo.', 138),
  (239, 'direito-administrativo-e-licitacoes', 'direito-administrativo-e-licitacoes-poderes-administrativos', 'Difícil', 'No exercício do poder de polícia, a administração pode', '["afastar o devido processo em sanções.","renunciar à proteção do interesse público.","organizar, coordenar e fiscalizar atividades internas.","editar leis em substituição ao Legislativo."]'::jsonb, 2, 'O poder hierárquico disciplina relações internas de coordenação e fiscalização.', 139),
  (240, 'direito-administrativo-e-licitacoes', 'direito-administrativo-e-licitacoes-processo-administrativo', 'Fácil', 'No processo administrativo, o contraditório e a ampla defesa servem para', '["sigilo irrestrito do procedimento.","assegurar participação do interessado e controle da decisão.","supressão da ciência do administrado.","dispensa de formalização mínima."]'::jsonb, 1, 'Contraditório, ampla defesa e motivação reforçam legalidade, transparência e controle.', 140),
  (241, 'direito-administrativo-e-licitacoes', 'direito-administrativo-e-licitacoes-lei-n-14-133-2021', 'Médio', 'O estudo técnico preliminar é importante porque', '["estruturar a contratação com planejamento, riscos e definição do objeto.","ser dispensado em objetos habituais sem justificativa.","substituir o julgamento das propostas.","permitir descrição genérica e ambígua do objeto."]'::jsonb, 0, 'A Lei nº 14.133/2021 reforça planejamento, ETP, termo de referência e gestão de riscos.', 141),
  (242, 'direito-administrativo-e-licitacoes', 'direito-administrativo-e-licitacoes-licitacoes-e-contratos', 'Difícil', 'No contrato administrativo, sanções por inadimplemento buscam', '["define prazos compatíveis com a complexidade do objeto.","explicita requisitos proporcionais de habilitação.","prevê mecanismos de fiscalização da execução.","restringe indevidamente a disputa sem justificativa técnica."]'::jsonb, 3, 'A restrição injustificada à competitividade viola a isonomia e a seleção da proposta mais vantajosa.', 142),
  (243, 'direito-administrativo-e-licitacoes', 'direito-administrativo-e-licitacoes-responsabilidade-civil-do-estado', 'Fácil', 'Em regra, a responsabilidade objetiva do Estado exige comprovação de', '["sentença penal prévia em qualquer hipótese.","autorização administrativa para pleitear reparação.","dano e nexo causal entre a atuação estatal e o prejuízo.","culpa genérica da vítima como elemento obrigatório."]'::jsonb, 2, 'Na responsabilidade objetiva do Estado, em regra, analisam-se dano e nexo causal.', 143),
  (244, 'direito-administrativo-e-licitacoes', 'direito-administrativo-e-licitacoes-bens-publicos-e-controle', 'Médio', 'O controle administrativo interno decorre da autotutela porque a administração pode', '["ao uso exclusivo de particulares escolhidos pela chefia.","ao uso da coletividade e à proteção do interesse público.","ao patrimônio privado do agente.","à alienação automática sem procedimento."]'::jsonb, 1, 'Bens públicos têm regime próprio, e a autotutela permite controle e revisão administrativa.', 144),
  (245, 'direito-administrativo-e-licitacoes', 'direito-administrativo-e-licitacoes-improbidade-e-etica-publica', 'Difícil', 'Medidas de integridade na administração ajudam a', '["probidade, lealdade institucional e respeito ao interesse público.","priorizar conveniências pessoais sobre normas.","dispensar controles de prevenção.","substituir deveres legais por critérios subjetivos."]'::jsonb, 0, 'Ética pública e integridade reforçam probidade e proteção do interesse público.', 145),
  (246, 'direito-administrativo-e-licitacoes', 'direito-administrativo-e-licitacoes-principios-da-administracao-publica', 'Fácil', 'O princípio da impessoalidade exige que a administração', '["substitua a legalidade por vontade do gestor.","mantenha sigilo como regra geral.","dispense motivação dos atos.","atue sem favorecimentos pessoais e com foco no interesse público."]'::jsonb, 3, 'Impessoalidade, publicidade e moralidade orientam atuação objetiva, transparente e ética.', 146),
  (247, 'direito-administrativo-e-licitacoes', 'direito-administrativo-e-licitacoes-atos-administrativos', 'Médio', 'A motivação do ato administrativo é relevante porque', '["objeto, independentemente do conteúdo do ato.","competência, mesmo com investidura válida.","finalidade, pois houve desvio em relação ao fim legal.","forma, ainda que o procedimento esteja regular."]'::jsonb, 2, 'Desvio de finalidade compromete o elemento finalidade do ato administrativo.', 147),
  (248, 'direito-administrativo-e-licitacoes', 'direito-administrativo-e-licitacoes-poderes-administrativos', 'Difícil', 'No exercício do poder de polícia, a administração pode', '["renunciar à proteção do interesse público.","organizar, coordenar e fiscalizar atividades internas.","editar leis em substituição ao Legislativo.","afastar o devido processo em sanções."]'::jsonb, 1, 'O poder hierárquico disciplina relações internas de coordenação e fiscalização.', 148),
  (249, 'direito-administrativo-e-licitacoes', 'direito-administrativo-e-licitacoes-processo-administrativo', 'Fácil', 'No processo administrativo, o contraditório e a ampla defesa servem para', '["assegurar participação do interessado e controle da decisão.","supressão da ciência do administrado.","dispensa de formalização mínima.","sigilo irrestrito do procedimento."]'::jsonb, 0, 'Contraditório, ampla defesa e motivação reforçam legalidade, transparência e controle.', 149),
  (250, 'direito-administrativo-e-licitacoes', 'direito-administrativo-e-licitacoes-lei-n-14-133-2021', 'Médio', 'O estudo técnico preliminar é importante porque', '["ser dispensado em objetos habituais sem justificativa.","substituir o julgamento das propostas.","permitir descrição genérica e ambígua do objeto.","estruturar a contratação com planejamento, riscos e definição do objeto."]'::jsonb, 3, 'A Lei nº 14.133/2021 reforça planejamento, ETP, termo de referência e gestão de riscos.', 150),
  (251, 'direito-administrativo-e-licitacoes', 'direito-administrativo-e-licitacoes-licitacoes-e-contratos', 'Difícil', 'No contrato administrativo, sanções por inadimplemento buscam', '["explicita requisitos proporcionais de habilitação.","prevê mecanismos de fiscalização da execução.","restringe indevidamente a disputa sem justificativa técnica.","define prazos compatíveis com a complexidade do objeto."]'::jsonb, 2, 'A restrição injustificada à competitividade viola a isonomia e a seleção da proposta mais vantajosa.', 151),
  (252, 'direito-administrativo-e-licitacoes', 'direito-administrativo-e-licitacoes-responsabilidade-civil-do-estado', 'Fácil', 'Em regra, a responsabilidade objetiva do Estado exige comprovação de', '["autorização administrativa para pleitear reparação.","dano e nexo causal entre a atuação estatal e o prejuízo.","culpa genérica da vítima como elemento obrigatório.","sentença penal prévia em qualquer hipótese."]'::jsonb, 1, 'Na responsabilidade objetiva do Estado, em regra, analisam-se dano e nexo causal.', 152),
  (253, 'direito-administrativo-e-licitacoes', 'direito-administrativo-e-licitacoes-bens-publicos-e-controle', 'Médio', 'O controle administrativo interno decorre da autotutela porque a administração pode', '["ao uso da coletividade e à proteção do interesse público.","ao patrimônio privado do agente.","à alienação automática sem procedimento.","ao uso exclusivo de particulares escolhidos pela chefia."]'::jsonb, 0, 'Bens públicos têm regime próprio, e a autotutela permite controle e revisão administrativa.', 153),
  (254, 'direito-administrativo-e-licitacoes', 'direito-administrativo-e-licitacoes-improbidade-e-etica-publica', 'Difícil', 'Medidas de integridade na administração ajudam a', '["priorizar conveniências pessoais sobre normas.","dispensar controles de prevenção.","substituir deveres legais por critérios subjetivos.","probidade, lealdade institucional e respeito ao interesse público."]'::jsonb, 3, 'Ética pública e integridade reforçam probidade e proteção do interesse público.', 154),
  (255, 'direito-administrativo-e-licitacoes', 'direito-administrativo-e-licitacoes-principios-da-administracao-publica', 'Fácil', 'O princípio da impessoalidade exige que a administração', '["mantenha sigilo como regra geral.","dispense motivação dos atos.","atue sem favorecimentos pessoais e com foco no interesse público.","substitua a legalidade por vontade do gestor."]'::jsonb, 2, 'Impessoalidade, publicidade e moralidade orientam atuação objetiva, transparente e ética.', 155),
  (256, 'direito-administrativo-e-licitacoes', 'direito-administrativo-e-licitacoes-atos-administrativos', 'Médio', 'A motivação do ato administrativo é relevante porque', '["competência, mesmo com investidura válida.","finalidade, pois houve desvio em relação ao fim legal.","forma, ainda que o procedimento esteja regular.","objeto, independentemente do conteúdo do ato."]'::jsonb, 1, 'Desvio de finalidade compromete o elemento finalidade do ato administrativo.', 156),
  (257, 'direito-administrativo-e-licitacoes', 'direito-administrativo-e-licitacoes-poderes-administrativos', 'Difícil', 'No exercício do poder de polícia, a administração pode', '["organizar, coordenar e fiscalizar atividades internas.","editar leis em substituição ao Legislativo.","afastar o devido processo em sanções.","renunciar à proteção do interesse público."]'::jsonb, 0, 'O poder hierárquico disciplina relações internas de coordenação e fiscalização.', 157),
  (258, 'direito-administrativo-e-licitacoes', 'direito-administrativo-e-licitacoes-processo-administrativo', 'Fácil', 'No processo administrativo, o contraditório e a ampla defesa servem para', '["supressão da ciência do administrado.","dispensa de formalização mínima.","sigilo irrestrito do procedimento.","assegurar participação do interessado e controle da decisão."]'::jsonb, 3, 'Contraditório, ampla defesa e motivação reforçam legalidade, transparência e controle.', 158),
  (259, 'direito-administrativo-e-licitacoes', 'direito-administrativo-e-licitacoes-lei-n-14-133-2021', 'Médio', 'O estudo técnico preliminar é importante porque', '["substituir o julgamento das propostas.","permitir descrição genérica e ambígua do objeto.","estruturar a contratação com planejamento, riscos e definição do objeto.","ser dispensado em objetos habituais sem justificativa."]'::jsonb, 2, 'A Lei nº 14.133/2021 reforça planejamento, ETP, termo de referência e gestão de riscos.', 159),
  (260, 'direito-administrativo-e-licitacoes', 'direito-administrativo-e-licitacoes-licitacoes-e-contratos', 'Difícil', 'No contrato administrativo, sanções por inadimplemento buscam', '["prevê mecanismos de fiscalização da execução.","restringe indevidamente a disputa sem justificativa técnica.","define prazos compatíveis com a complexidade do objeto.","explicita requisitos proporcionais de habilitação."]'::jsonb, 1, 'A restrição injustificada à competitividade viola a isonomia e a seleção da proposta mais vantajosa.', 160),
  (261, 'portugues', 'portugues-interpretacao-de-texto', 'Fácil', 'No período “o sistema agilizou o fluxo, porém exigiu adaptação”, a conjunção destacada indica', '["oposição entre duas informações apresentadas.","adição sem contraste.","explicação causal obrigatória.","conclusão definitiva do autor."]'::jsonb, 0, 'Conjunções como “porém” introduzem contraste ou oposição.', 161),
  (262, 'portugues', 'portugues-concordancia-verbal-e-nominal', 'Médio', 'Na norma-padrão, em “deve haver medidas urgentes”, o verbo principal permanece no singular porque', '["“houveram atrasos relevantes no setor”.","“segue anexo as planilhas revisadas”.","“é proibida entrada sem autorização”, sem determinante.","locuções com “haver” impessoal mantêm o verbo no singular."]'::jsonb, 3, 'Com “haver” no sentido de existir, a construção é impessoal; a concordância nominal deve seguir a norma-padrão.', 162),
  (263, 'portugues', 'portugues-regencia-e-crase', 'Difícil', 'Segundo a norma-padrão, é correto afirmar que', '["“assistiu o curso de capacitação”.","“obedeceram o regulamento interno”.","a fusão de preposição com artigo feminino ocorre quando exigida pelo termo regente.","“os servidores voltaram à trabalhar cedo”."]'::jsonb, 2, 'Crase depende da exigência de preposição somada ao artigo feminino; regência verbal também segue a norma-padrão.', 163),
  (264, 'portugues', 'portugues-pontuacao-e-reescrita', 'Fácil', 'A vírgula está corretamente empregada em', '["eliminar a coesão textual em favor da brevidade.","orações deslocadas e relações sintáticas mais claras.","separar sujeito e verbo por pausa de leitura.","substituir conectivos por fragmentação."]'::jsonb, 1, 'Pontuação correta organiza o período e evita ambiguidades.', 164),
  (265, 'portugues', 'portugues-coesao-e-coerencia', 'Médio', 'Conectivos adequados contribuem para', '["retomar ideias e organizar a progressão do texto.","criar ambiguidades propositais.","eliminar o encadeamento lógico.","substituir o sentido global por frases isoladas."]'::jsonb, 0, 'Coesão e coerência garantem progressão lógica e clareza textual.', 165),
  (266, 'portugues', 'portugues-ortografia-e-semantica', 'Difícil', 'A escolha lexical correta em textos formais ajuda a', '["valorizar informalidade excessiva.","substituir precisão por expressões vagas.","dispensar revisão final do texto.","preservar clareza, precisão e adequação vocabular."]'::jsonb, 3, 'Ortografia correta e sentido preciso fortalecem a comunicação administrativa.', 166),
  (267, 'portugues', 'portugues-interpretacao-de-texto', 'Fácil', 'No período “o sistema agilizou o fluxo, porém exigiu adaptação”, a conjunção destacada indica', '["explicação causal obrigatória.","conclusão definitiva do autor.","oposição entre duas informações apresentadas.","adição sem contraste."]'::jsonb, 2, 'Conjunções como “porém” introduzem contraste ou oposição.', 167),
  (268, 'portugues', 'portugues-concordancia-verbal-e-nominal', 'Médio', 'Na norma-padrão, em “deve haver medidas urgentes”, o verbo principal permanece no singular porque', '["“é proibida entrada sem autorização”, sem determinante.","locuções com “haver” impessoal mantêm o verbo no singular.","“houveram atrasos relevantes no setor”.","“segue anexo as planilhas revisadas”."]'::jsonb, 1, 'Com “haver” no sentido de existir, a construção é impessoal; a concordância nominal deve seguir a norma-padrão.', 168),
  (269, 'portugues', 'portugues-regencia-e-crase', 'Difícil', 'Segundo a norma-padrão, é correto afirmar que', '["a fusão de preposição com artigo feminino ocorre quando exigida pelo termo regente.","“os servidores voltaram à trabalhar cedo”.","“assistiu o curso de capacitação”.","“obedeceram o regulamento interno”."]'::jsonb, 0, 'Crase depende da exigência de preposição somada ao artigo feminino; regência verbal também segue a norma-padrão.', 169),
  (270, 'portugues', 'portugues-pontuacao-e-reescrita', 'Fácil', 'A vírgula está corretamente empregada em', '["separar sujeito e verbo por pausa de leitura.","substituir conectivos por fragmentação.","eliminar a coesão textual em favor da brevidade.","orações deslocadas e relações sintáticas mais claras."]'::jsonb, 3, 'Pontuação correta organiza o período e evita ambiguidades.', 170),
  (271, 'portugues', 'portugues-coesao-e-coerencia', 'Médio', 'Conectivos adequados contribuem para', '["eliminar o encadeamento lógico.","substituir o sentido global por frases isoladas.","retomar ideias e organizar a progressão do texto.","criar ambiguidades propositais."]'::jsonb, 2, 'Coesão e coerência garantem progressão lógica e clareza textual.', 171),
  (272, 'portugues', 'portugues-ortografia-e-semantica', 'Difícil', 'A escolha lexical correta em textos formais ajuda a', '["dispensar revisão final do texto.","preservar clareza, precisão e adequação vocabular.","valorizar informalidade excessiva.","substituir precisão por expressões vagas."]'::jsonb, 1, 'Ortografia correta e sentido preciso fortalecem a comunicação administrativa.', 172),
  (273, 'portugues', 'portugues-interpretacao-de-texto', 'Fácil', 'No período “o sistema agilizou o fluxo, porém exigiu adaptação”, a conjunção destacada indica', '["oposição entre duas informações apresentadas.","adição sem contraste.","explicação causal obrigatória.","conclusão definitiva do autor."]'::jsonb, 0, 'Conjunções como “porém” introduzem contraste ou oposição.', 173),
  (274, 'portugues', 'portugues-concordancia-verbal-e-nominal', 'Médio', 'Na norma-padrão, em “deve haver medidas urgentes”, o verbo principal permanece no singular porque', '["“houveram atrasos relevantes no setor”.","“segue anexo as planilhas revisadas”.","“é proibida entrada sem autorização”, sem determinante.","locuções com “haver” impessoal mantêm o verbo no singular."]'::jsonb, 3, 'Com “haver” no sentido de existir, a construção é impessoal; a concordância nominal deve seguir a norma-padrão.', 174),
  (275, 'portugues', 'portugues-regencia-e-crase', 'Difícil', 'Segundo a norma-padrão, é correto afirmar que', '["“assistiu o curso de capacitação”.","“obedeceram o regulamento interno”.","a fusão de preposição com artigo feminino ocorre quando exigida pelo termo regente.","“os servidores voltaram à trabalhar cedo”."]'::jsonb, 2, 'Crase depende da exigência de preposição somada ao artigo feminino; regência verbal também segue a norma-padrão.', 175),
  (276, 'portugues', 'portugues-pontuacao-e-reescrita', 'Fácil', 'A vírgula está corretamente empregada em', '["eliminar a coesão textual em favor da brevidade.","orações deslocadas e relações sintáticas mais claras.","separar sujeito e verbo por pausa de leitura.","substituir conectivos por fragmentação."]'::jsonb, 1, 'Pontuação correta organiza o período e evita ambiguidades.', 176),
  (277, 'portugues', 'portugues-coesao-e-coerencia', 'Médio', 'Conectivos adequados contribuem para', '["retomar ideias e organizar a progressão do texto.","criar ambiguidades propositais.","eliminar o encadeamento lógico.","substituir o sentido global por frases isoladas."]'::jsonb, 0, 'Coesão e coerência garantem progressão lógica e clareza textual.', 177),
  (278, 'portugues', 'portugues-ortografia-e-semantica', 'Difícil', 'A escolha lexical correta em textos formais ajuda a', '["valorizar informalidade excessiva.","substituir precisão por expressões vagas.","dispensar revisão final do texto.","preservar clareza, precisão e adequação vocabular."]'::jsonb, 3, 'Ortografia correta e sentido preciso fortalecem a comunicação administrativa.', 178),
  (279, 'portugues', 'portugues-interpretacao-de-texto', 'Fácil', 'No período “o sistema agilizou o fluxo, porém exigiu adaptação”, a conjunção destacada indica', '["explicação causal obrigatória.","conclusão definitiva do autor.","oposição entre duas informações apresentadas.","adição sem contraste."]'::jsonb, 2, 'Conjunções como “porém” introduzem contraste ou oposição.', 179),
  (280, 'portugues', 'portugues-concordancia-verbal-e-nominal', 'Médio', 'Na norma-padrão, em “deve haver medidas urgentes”, o verbo principal permanece no singular porque', '["“é proibida entrada sem autorização”, sem determinante.","locuções com “haver” impessoal mantêm o verbo no singular.","“houveram atrasos relevantes no setor”.","“segue anexo as planilhas revisadas”."]'::jsonb, 1, 'Com “haver” no sentido de existir, a construção é impessoal; a concordância nominal deve seguir a norma-padrão.', 180),
  (281, 'portugues', 'portugues-regencia-e-crase', 'Difícil', 'Segundo a norma-padrão, é correto afirmar que', '["a fusão de preposição com artigo feminino ocorre quando exigida pelo termo regente.","“os servidores voltaram à trabalhar cedo”.","“assistiu o curso de capacitação”.","“obedeceram o regulamento interno”."]'::jsonb, 0, 'Crase depende da exigência de preposição somada ao artigo feminino; regência verbal também segue a norma-padrão.', 181),
  (282, 'portugues', 'portugues-pontuacao-e-reescrita', 'Fácil', 'A vírgula está corretamente empregada em', '["separar sujeito e verbo por pausa de leitura.","substituir conectivos por fragmentação.","eliminar a coesão textual em favor da brevidade.","orações deslocadas e relações sintáticas mais claras."]'::jsonb, 3, 'Pontuação correta organiza o período e evita ambiguidades.', 182),
  (283, 'portugues', 'portugues-coesao-e-coerencia', 'Médio', 'Conectivos adequados contribuem para', '["eliminar o encadeamento lógico.","substituir o sentido global por frases isoladas.","retomar ideias e organizar a progressão do texto.","criar ambiguidades propositais."]'::jsonb, 2, 'Coesão e coerência garantem progressão lógica e clareza textual.', 183),
  (284, 'portugues', 'portugues-ortografia-e-semantica', 'Difícil', 'A escolha lexical correta em textos formais ajuda a', '["dispensar revisão final do texto.","preservar clareza, precisão e adequação vocabular.","valorizar informalidade excessiva.","substituir precisão por expressões vagas."]'::jsonb, 1, 'Ortografia correta e sentido preciso fortalecem a comunicação administrativa.', 184),
  (285, 'portugues', 'portugues-interpretacao-de-texto', 'Fácil', 'No período “o sistema agilizou o fluxo, porém exigiu adaptação”, a conjunção destacada indica', '["oposição entre duas informações apresentadas.","adição sem contraste.","explicação causal obrigatória.","conclusão definitiva do autor."]'::jsonb, 0, 'Conjunções como “porém” introduzem contraste ou oposição.', 185),
  (286, 'portugues', 'portugues-concordancia-verbal-e-nominal', 'Médio', 'Na norma-padrão, em “deve haver medidas urgentes”, o verbo principal permanece no singular porque', '["“houveram atrasos relevantes no setor”.","“segue anexo as planilhas revisadas”.","“é proibida entrada sem autorização”, sem determinante.","locuções com “haver” impessoal mantêm o verbo no singular."]'::jsonb, 3, 'Com “haver” no sentido de existir, a construção é impessoal; a concordância nominal deve seguir a norma-padrão.', 186),
  (287, 'portugues', 'portugues-regencia-e-crase', 'Difícil', 'Segundo a norma-padrão, é correto afirmar que', '["“assistiu o curso de capacitação”.","“obedeceram o regulamento interno”.","a fusão de preposição com artigo feminino ocorre quando exigida pelo termo regente.","“os servidores voltaram à trabalhar cedo”."]'::jsonb, 2, 'Crase depende da exigência de preposição somada ao artigo feminino; regência verbal também segue a norma-padrão.', 187),
  (288, 'portugues', 'portugues-pontuacao-e-reescrita', 'Fácil', 'A vírgula está corretamente empregada em', '["eliminar a coesão textual em favor da brevidade.","orações deslocadas e relações sintáticas mais claras.","separar sujeito e verbo por pausa de leitura.","substituir conectivos por fragmentação."]'::jsonb, 1, 'Pontuação correta organiza o período e evita ambiguidades.', 188),
  (289, 'portugues', 'portugues-coesao-e-coerencia', 'Médio', 'Conectivos adequados contribuem para', '["retomar ideias e organizar a progressão do texto.","criar ambiguidades propositais.","eliminar o encadeamento lógico.","substituir o sentido global por frases isoladas."]'::jsonb, 0, 'Coesão e coerência garantem progressão lógica e clareza textual.', 189),
  (290, 'portugues', 'portugues-ortografia-e-semantica', 'Difícil', 'A escolha lexical correta em textos formais ajuda a', '["valorizar informalidade excessiva.","substituir precisão por expressões vagas.","dispensar revisão final do texto.","preservar clareza, precisão e adequação vocabular."]'::jsonb, 3, 'Ortografia correta e sentido preciso fortalecem a comunicação administrativa.', 190),
  (291, 'portugues', 'portugues-interpretacao-de-texto', 'Fácil', 'No período “o sistema agilizou o fluxo, porém exigiu adaptação”, a conjunção destacada indica', '["explicação causal obrigatória.","conclusão definitiva do autor.","oposição entre duas informações apresentadas.","adição sem contraste."]'::jsonb, 2, 'Conjunções como “porém” introduzem contraste ou oposição.', 191),
  (292, 'portugues', 'portugues-concordancia-verbal-e-nominal', 'Médio', 'Na norma-padrão, em “deve haver medidas urgentes”, o verbo principal permanece no singular porque', '["“é proibida entrada sem autorização”, sem determinante.","locuções com “haver” impessoal mantêm o verbo no singular.","“houveram atrasos relevantes no setor”.","“segue anexo as planilhas revisadas”."]'::jsonb, 1, 'Com “haver” no sentido de existir, a construção é impessoal; a concordância nominal deve seguir a norma-padrão.', 192),
  (293, 'portugues', 'portugues-regencia-e-crase', 'Difícil', 'Segundo a norma-padrão, é correto afirmar que', '["a fusão de preposição com artigo feminino ocorre quando exigida pelo termo regente.","“os servidores voltaram à trabalhar cedo”.","“assistiu o curso de capacitação”.","“obedeceram o regulamento interno”."]'::jsonb, 0, 'Crase depende da exigência de preposição somada ao artigo feminino; regência verbal também segue a norma-padrão.', 193),
  (294, 'portugues', 'portugues-pontuacao-e-reescrita', 'Fácil', 'A vírgula está corretamente empregada em', '["separar sujeito e verbo por pausa de leitura.","substituir conectivos por fragmentação.","eliminar a coesão textual em favor da brevidade.","orações deslocadas e relações sintáticas mais claras."]'::jsonb, 3, 'Pontuação correta organiza o período e evita ambiguidades.', 194),
  (295, 'portugues', 'portugues-coesao-e-coerencia', 'Médio', 'Conectivos adequados contribuem para', '["eliminar o encadeamento lógico.","substituir o sentido global por frases isoladas.","retomar ideias e organizar a progressão do texto.","criar ambiguidades propositais."]'::jsonb, 2, 'Coesão e coerência garantem progressão lógica e clareza textual.', 195),
  (296, 'informatica', 'informatica-windows-e-gerenciamento-de-arquivos', 'Fácil', 'No Explorador de Arquivos do Windows, a organização por pastas ajuda a', '["localizar, classificar e manter documentos com maior controle.","dispensar backup periódico.","substituir permissões de acesso por nomes aleatórios.","eliminar toda padronização de armazenamento."]'::jsonb, 0, 'Gerenciamento de arquivos envolve organização, localização e boas práticas de armazenamento.', 196),
  (297, 'informatica', 'informatica-microsoft-excel', 'Médio', 'Ao usar referências absolutas, o usuário busca', '["substituir completamente a conferência dos dados.","dispensar formatação e revisão.","ocultar resultados para evitar interpretação.","automatizar cálculos e reduzir erros operacionais."]'::jsonb, 3, 'Excel apoia automação de cálculos, organização e análise de dados.', 197),
  (298, 'informatica', 'informatica-microsoft-word-e-editores', 'Difícil', 'Em editores de texto, a revisão ortográfica auxilia na', '["substituir a clareza das ideias pelo visual.","dispensar controle de versões.","produzir documentos padronizados e reduzir falhas de edição.","eliminar a necessidade de leitura final."]'::jsonb, 2, 'Editores de texto ajudam na padronização, revisão e segurança do documento.', 198),
  (299, 'informatica', 'informatica-internet-e-seguranca', 'Fácil', 'Ao verificar se um site é mais seguro, o usuário deve observar', '["desativar alertas do navegador para ganhar velocidade.","HTTPS, contexto do link e comportamento cauteloso do usuário.","clicar em qualquer pop-up de atualização.","reaproveitar a mesma senha em todos os serviços."]'::jsonb, 1, 'Segurança na navegação envolve HTTPS, análise do contexto e cautela com links e anexos.', 199),
  (300, 'informatica', 'informatica-correio-eletronico-e-backup', 'Médio', 'Backups periódicos são recomendados porque', '["proteger dados e facilitar envio ou recuperação quando necessário.","dispensar antivírus e outras camadas de proteção.","substituir políticas de acesso.","garantir sozinha a autenticidade do remetente."]'::jsonb, 0, 'E-mail seguro, backup e compactação fazem parte de uma rotina básica de proteção da informação.', 200),
  (301, 'informatica', 'informatica-windows-e-gerenciamento-de-arquivos', 'Difícil', 'Uma boa prática ao gerenciar arquivos institucionais é', '["dispensar backup periódico.","substituir permissões de acesso por nomes aleatórios.","eliminar toda padronização de armazenamento.","localizar, classificar e manter documentos com maior controle."]'::jsonb, 3, 'Gerenciamento de arquivos envolve organização, localização e boas práticas de armazenamento.', 201),
  (302, 'informatica', 'informatica-microsoft-excel', 'Fácil', 'No Excel, fórmulas e funções são importantes porque permitem', '["dispensar formatação e revisão.","ocultar resultados para evitar interpretação.","automatizar cálculos e reduzir erros operacionais.","substituir completamente a conferência dos dados."]'::jsonb, 2, 'Excel apoia automação de cálculos, organização e análise de dados.', 202),
  (303, 'informatica', 'informatica-microsoft-word-e-editores', 'Médio', 'Salvar periodicamente um documento é importante para', '["dispensar controle de versões.","produzir documentos padronizados e reduzir falhas de edição.","eliminar a necessidade de leitura final.","substituir a clareza das ideias pelo visual."]'::jsonb, 1, 'Editores de texto ajudam na padronização, revisão e segurança do documento.', 203),
  (304, 'informatica', 'informatica-internet-e-seguranca', 'Difícil', 'No uso de navegadores, recomenda-se', '["HTTPS, contexto do link e comportamento cauteloso do usuário.","clicar em qualquer pop-up de atualização.","reaproveitar a mesma senha em todos os serviços.","desativar alertas do navegador para ganhar velocidade."]'::jsonb, 0, 'Segurança na navegação envolve HTTPS, análise do contexto e cautela com links e anexos.', 204),
  (305, 'informatica', 'informatica-correio-eletronico-e-backup', 'Fácil', 'No ambiente corporativo, uma prática adequada no uso de e-mail é', '["dispensar antivírus e outras camadas de proteção.","substituir políticas de acesso.","garantir sozinha a autenticidade do remetente.","proteger dados e facilitar envio ou recuperação quando necessário."]'::jsonb, 3, 'E-mail seguro, backup e compactação fazem parte de uma rotina básica de proteção da informação.', 205),
  (306, 'informatica', 'informatica-windows-e-gerenciamento-de-arquivos', 'Médio', 'Ao renomear rapidamente um arquivo selecionado, o atalho usual é útil para', '["substituir permissões de acesso por nomes aleatórios.","eliminar toda padronização de armazenamento.","localizar, classificar e manter documentos com maior controle.","dispensar backup periódico."]'::jsonb, 2, 'Gerenciamento de arquivos envolve organização, localização e boas práticas de armazenamento.', 206),
  (307, 'informatica', 'informatica-microsoft-excel', 'Difícil', 'Em planilhas, a função SOMA é utilizada para', '["ocultar resultados para evitar interpretação.","automatizar cálculos e reduzir erros operacionais.","substituir completamente a conferência dos dados.","dispensar formatação e revisão."]'::jsonb, 1, 'Excel apoia automação de cálculos, organização e análise de dados.', 207),
  (308, 'informatica', 'informatica-microsoft-word-e-editores', 'Fácil', 'No Word, recursos de formatação e revisão contribuem para', '["produzir documentos padronizados e reduzir falhas de edição.","eliminar a necessidade de leitura final.","substituir a clareza das ideias pelo visual.","dispensar controle de versões."]'::jsonb, 0, 'Editores de texto ajudam na padronização, revisão e segurança do documento.', 208),
  (309, 'informatica', 'informatica-internet-e-seguranca', 'Médio', 'Uma boa prática contra phishing é', '["clicar em qualquer pop-up de atualização.","reaproveitar a mesma senha em todos os serviços.","desativar alertas do navegador para ganhar velocidade.","HTTPS, contexto do link e comportamento cauteloso do usuário."]'::jsonb, 3, 'Segurança na navegação envolve HTTPS, análise do contexto e cautela com links e anexos.', 209),
  (310, 'informatica', 'informatica-correio-eletronico-e-backup', 'Difícil', 'A compactação de arquivos costuma ser útil para', '["substituir políticas de acesso.","garantir sozinha a autenticidade do remetente.","proteger dados e facilitar envio ou recuperação quando necessário.","dispensar antivírus e outras camadas de proteção."]'::jsonb, 2, 'E-mail seguro, backup e compactação fazem parte de uma rotina básica de proteção da informação.', 210),
  (311, 'informatica', 'informatica-windows-e-gerenciamento-de-arquivos', 'Fácil', 'No Explorador de Arquivos do Windows, a organização por pastas ajuda a', '["eliminar toda padronização de armazenamento.","localizar, classificar e manter documentos com maior controle.","dispensar backup periódico.","substituir permissões de acesso por nomes aleatórios."]'::jsonb, 1, 'Gerenciamento de arquivos envolve organização, localização e boas práticas de armazenamento.', 211),
  (312, 'informatica', 'informatica-microsoft-excel', 'Médio', 'Ao usar referências absolutas, o usuário busca', '["automatizar cálculos e reduzir erros operacionais.","substituir completamente a conferência dos dados.","dispensar formatação e revisão.","ocultar resultados para evitar interpretação."]'::jsonb, 0, 'Excel apoia automação de cálculos, organização e análise de dados.', 212),
  (313, 'informatica', 'informatica-microsoft-word-e-editores', 'Difícil', 'Em editores de texto, a revisão ortográfica auxilia na', '["eliminar a necessidade de leitura final.","substituir a clareza das ideias pelo visual.","dispensar controle de versões.","produzir documentos padronizados e reduzir falhas de edição."]'::jsonb, 3, 'Editores de texto ajudam na padronização, revisão e segurança do documento.', 213),
  (314, 'informatica', 'informatica-internet-e-seguranca', 'Fácil', 'Ao verificar se um site é mais seguro, o usuário deve observar', '["reaproveitar a mesma senha em todos os serviços.","desativar alertas do navegador para ganhar velocidade.","HTTPS, contexto do link e comportamento cauteloso do usuário.","clicar em qualquer pop-up de atualização."]'::jsonb, 2, 'Segurança na navegação envolve HTTPS, análise do contexto e cautela com links e anexos.', 214),
  (315, 'informatica', 'informatica-correio-eletronico-e-backup', 'Médio', 'Backups periódicos são recomendados porque', '["garantir sozinha a autenticidade do remetente.","proteger dados e facilitar envio ou recuperação quando necessário.","dispensar antivírus e outras camadas de proteção.","substituir políticas de acesso."]'::jsonb, 1, 'E-mail seguro, backup e compactação fazem parte de uma rotina básica de proteção da informação.', 215),
  (316, 'informatica', 'informatica-windows-e-gerenciamento-de-arquivos', 'Difícil', 'Uma boa prática ao gerenciar arquivos institucionais é', '["localizar, classificar e manter documentos com maior controle.","dispensar backup periódico.","substituir permissões de acesso por nomes aleatórios.","eliminar toda padronização de armazenamento."]'::jsonb, 0, 'Gerenciamento de arquivos envolve organização, localização e boas práticas de armazenamento.', 216),
  (317, 'informatica', 'informatica-microsoft-excel', 'Fácil', 'No Excel, fórmulas e funções são importantes porque permitem', '["substituir completamente a conferência dos dados.","dispensar formatação e revisão.","ocultar resultados para evitar interpretação.","automatizar cálculos e reduzir erros operacionais."]'::jsonb, 3, 'Excel apoia automação de cálculos, organização e análise de dados.', 217),
  (318, 'informatica', 'informatica-microsoft-word-e-editores', 'Médio', 'Salvar periodicamente um documento é importante para', '["substituir a clareza das ideias pelo visual.","dispensar controle de versões.","produzir documentos padronizados e reduzir falhas de edição.","eliminar a necessidade de leitura final."]'::jsonb, 2, 'Editores de texto ajudam na padronização, revisão e segurança do documento.', 218),
  (319, 'informatica', 'informatica-internet-e-seguranca', 'Difícil', 'No uso de navegadores, recomenda-se', '["desativar alertas do navegador para ganhar velocidade.","HTTPS, contexto do link e comportamento cauteloso do usuário.","clicar em qualquer pop-up de atualização.","reaproveitar a mesma senha em todos os serviços."]'::jsonb, 1, 'Segurança na navegação envolve HTTPS, análise do contexto e cautela com links e anexos.', 219),
  (320, 'informatica', 'informatica-correio-eletronico-e-backup', 'Fácil', 'No ambiente corporativo, uma prática adequada no uso de e-mail é', '["proteger dados e facilitar envio ou recuperação quando necessário.","dispensar antivírus e outras camadas de proteção.","substituir políticas de acesso.","garantir sozinha a autenticidade do remetente."]'::jsonb, 0, 'E-mail seguro, backup e compactação fazem parte de uma rotina básica de proteção da informação.', 220),
  (321, 'informatica', 'informatica-windows-e-gerenciamento-de-arquivos', 'Médio', 'Ao renomear rapidamente um arquivo selecionado, o atalho usual é útil para', '["dispensar backup periódico.","substituir permissões de acesso por nomes aleatórios.","eliminar toda padronização de armazenamento.","localizar, classificar e manter documentos com maior controle."]'::jsonb, 3, 'Gerenciamento de arquivos envolve organização, localização e boas práticas de armazenamento.', 221),
  (322, 'informatica', 'informatica-microsoft-excel', 'Difícil', 'Em planilhas, a função SOMA é utilizada para', '["dispensar formatação e revisão.","ocultar resultados para evitar interpretação.","automatizar cálculos e reduzir erros operacionais.","substituir completamente a conferência dos dados."]'::jsonb, 2, 'Excel apoia automação de cálculos, organização e análise de dados.', 222),
  (323, 'informatica', 'informatica-microsoft-word-e-editores', 'Fácil', 'No Word, recursos de formatação e revisão contribuem para', '["dispensar controle de versões.","produzir documentos padronizados e reduzir falhas de edição.","eliminar a necessidade de leitura final.","substituir a clareza das ideias pelo visual."]'::jsonb, 1, 'Editores de texto ajudam na padronização, revisão e segurança do documento.', 223),
  (324, 'informatica', 'informatica-internet-e-seguranca', 'Médio', 'Uma boa prática contra phishing é', '["HTTPS, contexto do link e comportamento cauteloso do usuário.","clicar em qualquer pop-up de atualização.","reaproveitar a mesma senha em todos os serviços.","desativar alertas do navegador para ganhar velocidade."]'::jsonb, 0, 'Segurança na navegação envolve HTTPS, análise do contexto e cautela com links e anexos.', 224),
  (325, 'informatica', 'informatica-correio-eletronico-e-backup', 'Difícil', 'A compactação de arquivos costuma ser útil para', '["dispensar antivírus e outras camadas de proteção.","substituir políticas de acesso.","garantir sozinha a autenticidade do remetente.","proteger dados e facilitar envio ou recuperação quando necessário."]'::jsonb, 3, 'E-mail seguro, backup e compactação fazem parte de uma rotina básica de proteção da informação.', 225),
  (326, 'raciocinio-logico', 'raciocinio-logico-logica-proposicional', 'Fácil', 'A negação de uma proposição condicional ocorre quando', '["o antecedente é verdadeiro e o consequente é falso.","o antecedente é falso e o consequente também.","ambas as proposições são verdadeiras.","há apenas uma proposição simples envolvida."]'::jsonb, 0, 'Na condicional, a única situação falsa é antecedente verdadeiro com consequente falso.', 226),
  (327, 'raciocinio-logico', 'raciocinio-logico-porcentagem-e-razao', 'Médio', 'Em uma razão 4 para 5, a primeira grandeza representa', '["o acréscimo é sempre igual a 20 unidades.","o total passa automaticamente a ser 200%.","a diferença absoluta dispensa cálculo proporcional.","houve variação proporcional em relação ao valor inicial."]'::jsonb, 3, 'Porcentagem e razão trabalham com comparação proporcional entre grandezas.', 227),
  (328, 'raciocinio-logico', 'raciocinio-logico-sequencias-e-padroes', 'Difícil', 'No estudo de padrões, é relevante observar', '["ignorar operações repetidas na série.","buscar apenas a diferença absoluta final.","testar regularidades entre termos consecutivos.","assumir aleatoriedade desde o primeiro termo."]'::jsonb, 2, 'Sequências exigem observação do padrão de formação entre os termos.', 228),
  (329, 'raciocinio-logico', 'raciocinio-logico-analise-combinatoria', 'Fácil', 'Em problemas de contagem, a ordem dos elementos importa quando', '["a repetição é obrigatória em toda contagem.","a posição altera o resultado final da escolha.","qualquer agrupamento produz o mesmo resultado.","não existe diferença entre combinar e arranjar."]'::jsonb, 1, 'Quando a ordem importa, costuma-se trabalhar com arranjos ou permutações, conforme o caso.', 229),
  (330, 'raciocinio-logico', 'raciocinio-logico-problemas-aritmeticos', 'Médio', 'Ao resolver uma situação envolvendo média simples, o cálculo básico consiste em', '["traduzir o enunciado em relações numéricas consistentes.","substituir todos os dados por estimativas livres.","dispensar conferência da unidade utilizada.","ignorar a proporcionalidade descrita."]'::jsonb, 0, 'Problemas aritméticos dependem de interpretação correta e tradução adequada para operações matemáticas.', 230),
  (331, 'raciocinio-logico', 'raciocinio-logico-logica-proposicional', 'Difícil', 'A equivalência lógica de “se p, então q” pode ser expressa por', '["o antecedente é falso e o consequente também.","ambas as proposições são verdadeiras.","há apenas uma proposição simples envolvida.","o antecedente é verdadeiro e o consequente é falso."]'::jsonb, 3, 'Na condicional, a única situação falsa é antecedente verdadeiro com consequente falso.', 231),
  (332, 'raciocinio-logico', 'raciocinio-logico-porcentagem-e-razao', 'Fácil', 'Se um valor aumenta 20%, isso significa que', '["o total passa automaticamente a ser 200%.","a diferença absoluta dispensa cálculo proporcional.","houve variação proporcional em relação ao valor inicial.","o acréscimo é sempre igual a 20 unidades."]'::jsonb, 2, 'Porcentagem e razão trabalham com comparação proporcional entre grandezas.', 232),
  (333, 'raciocinio-logico', 'raciocinio-logico-sequencias-e-padroes', 'Médio', 'Uma sequência lógica é resolvida com mais segurança quando', '["buscar apenas a diferença absoluta final.","testar regularidades entre termos consecutivos.","assumir aleatoriedade desde o primeiro termo.","ignorar operações repetidas na série."]'::jsonb, 1, 'Sequências exigem observação do padrão de formação entre os termos.', 233),
  (334, 'raciocinio-logico', 'raciocinio-logico-analise-combinatoria', 'Difícil', 'Para contar possibilidades sem repetição, o candidato deve', '["a posição altera o resultado final da escolha.","qualquer agrupamento produz o mesmo resultado.","não existe diferença entre combinar e arranjar.","a repetição é obrigatória em toda contagem."]'::jsonb, 0, 'Quando a ordem importa, costuma-se trabalhar com arranjos ou permutações, conforme o caso.', 234),
  (335, 'raciocinio-logico', 'raciocinio-logico-problemas-aritmeticos', 'Fácil', 'Em problemas aritméticos com repartição proporcional, é necessário', '["substituir todos os dados por estimativas livres.","dispensar conferência da unidade utilizada.","ignorar a proporcionalidade descrita.","traduzir o enunciado em relações numéricas consistentes."]'::jsonb, 3, 'Problemas aritméticos dependem de interpretação correta e tradução adequada para operações matemáticas.', 235),
  (336, 'raciocinio-logico', 'raciocinio-logico-logica-proposicional', 'Médio', 'Uma condicional “se p, então q” será falsa somente se', '["ambas as proposições são verdadeiras.","há apenas uma proposição simples envolvida.","o antecedente é verdadeiro e o consequente é falso.","o antecedente é falso e o consequente também."]'::jsonb, 2, 'Na condicional, a única situação falsa é antecedente verdadeiro com consequente falso.', 236),
  (337, 'raciocinio-logico', 'raciocinio-logico-porcentagem-e-razao', 'Difícil', 'Problemas de porcentagem e razão exigem', '["a diferença absoluta dispensa cálculo proporcional.","houve variação proporcional em relação ao valor inicial.","o acréscimo é sempre igual a 20 unidades.","o total passa automaticamente a ser 200%."]'::jsonb, 1, 'Porcentagem e razão trabalham com comparação proporcional entre grandezas.', 237),
  (338, 'raciocinio-logico', 'raciocinio-logico-sequencias-e-padroes', 'Fácil', 'Ao identificar um padrão em sequência numérica, o candidato deve', '["testar regularidades entre termos consecutivos.","assumir aleatoriedade desde o primeiro termo.","ignorar operações repetidas na série.","buscar apenas a diferença absoluta final."]'::jsonb, 0, 'Sequências exigem observação do padrão de formação entre os termos.', 238),
  (339, 'raciocinio-logico', 'raciocinio-logico-analise-combinatoria', 'Médio', 'Arranjos simples são aplicados quando', '["qualquer agrupamento produz o mesmo resultado.","não existe diferença entre combinar e arranjar.","a repetição é obrigatória em toda contagem.","a posição altera o resultado final da escolha."]'::jsonb, 3, 'Quando a ordem importa, costuma-se trabalhar com arranjos ou permutações, conforme o caso.', 239),
  (340, 'raciocinio-logico', 'raciocinio-logico-problemas-aritmeticos', 'Difícil', 'Questões aritméticas exigem principalmente', '["dispensar conferência da unidade utilizada.","ignorar a proporcionalidade descrita.","traduzir o enunciado em relações numéricas consistentes.","substituir todos os dados por estimativas livres."]'::jsonb, 2, 'Problemas aritméticos dependem de interpretação correta e tradução adequada para operações matemáticas.', 240),
  (341, 'raciocinio-logico', 'raciocinio-logico-logica-proposicional', 'Fácil', 'A negação de uma proposição condicional ocorre quando', '["há apenas uma proposição simples envolvida.","o antecedente é verdadeiro e o consequente é falso.","o antecedente é falso e o consequente também.","ambas as proposições são verdadeiras."]'::jsonb, 1, 'Na condicional, a única situação falsa é antecedente verdadeiro com consequente falso.', 241),
  (342, 'raciocinio-logico', 'raciocinio-logico-porcentagem-e-razao', 'Médio', 'Em uma razão 4 para 5, a primeira grandeza representa', '["houve variação proporcional em relação ao valor inicial.","o acréscimo é sempre igual a 20 unidades.","o total passa automaticamente a ser 200%.","a diferença absoluta dispensa cálculo proporcional."]'::jsonb, 0, 'Porcentagem e razão trabalham com comparação proporcional entre grandezas.', 242),
  (343, 'raciocinio-logico', 'raciocinio-logico-sequencias-e-padroes', 'Difícil', 'No estudo de padrões, é relevante observar', '["assumir aleatoriedade desde o primeiro termo.","ignorar operações repetidas na série.","buscar apenas a diferença absoluta final.","testar regularidades entre termos consecutivos."]'::jsonb, 3, 'Sequências exigem observação do padrão de formação entre os termos.', 243),
  (344, 'raciocinio-logico', 'raciocinio-logico-analise-combinatoria', 'Fácil', 'Em problemas de contagem, a ordem dos elementos importa quando', '["não existe diferença entre combinar e arranjar.","a repetição é obrigatória em toda contagem.","a posição altera o resultado final da escolha.","qualquer agrupamento produz o mesmo resultado."]'::jsonb, 2, 'Quando a ordem importa, costuma-se trabalhar com arranjos ou permutações, conforme o caso.', 244),
  (345, 'raciocinio-logico', 'raciocinio-logico-problemas-aritmeticos', 'Médio', 'Ao resolver uma situação envolvendo média simples, o cálculo básico consiste em', '["ignorar a proporcionalidade descrita.","traduzir o enunciado em relações numéricas consistentes.","substituir todos os dados por estimativas livres.","dispensar conferência da unidade utilizada."]'::jsonb, 1, 'Problemas aritméticos dependem de interpretação correta e tradução adequada para operações matemáticas.', 245),
  (346, 'raciocinio-logico', 'raciocinio-logico-logica-proposicional', 'Difícil', 'A equivalência lógica de “se p, então q” pode ser expressa por', '["o antecedente é verdadeiro e o consequente é falso.","o antecedente é falso e o consequente também.","ambas as proposições são verdadeiras.","há apenas uma proposição simples envolvida."]'::jsonb, 0, 'Na condicional, a única situação falsa é antecedente verdadeiro com consequente falso.', 246),
  (347, 'raciocinio-logico', 'raciocinio-logico-porcentagem-e-razao', 'Fácil', 'Se um valor aumenta 20%, isso significa que', '["o acréscimo é sempre igual a 20 unidades.","o total passa automaticamente a ser 200%.","a diferença absoluta dispensa cálculo proporcional.","houve variação proporcional em relação ao valor inicial."]'::jsonb, 3, 'Porcentagem e razão trabalham com comparação proporcional entre grandezas.', 247),
  (348, 'raciocinio-logico', 'raciocinio-logico-sequencias-e-padroes', 'Médio', 'Uma sequência lógica é resolvida com mais segurança quando', '["ignorar operações repetidas na série.","buscar apenas a diferença absoluta final.","testar regularidades entre termos consecutivos.","assumir aleatoriedade desde o primeiro termo."]'::jsonb, 2, 'Sequências exigem observação do padrão de formação entre os termos.', 248),
  (349, 'raciocinio-logico', 'raciocinio-logico-analise-combinatoria', 'Difícil', 'Para contar possibilidades sem repetição, o candidato deve', '["a repetição é obrigatória em toda contagem.","a posição altera o resultado final da escolha.","qualquer agrupamento produz o mesmo resultado.","não existe diferença entre combinar e arranjar."]'::jsonb, 1, 'Quando a ordem importa, costuma-se trabalhar com arranjos ou permutações, conforme o caso.', 249),
  (350, 'raciocinio-logico', 'raciocinio-logico-problemas-aritmeticos', 'Fácil', 'Em problemas aritméticos com repartição proporcional, é necessário', '["traduzir o enunciado em relações numéricas consistentes.","substituir todos os dados por estimativas livres.","dispensar conferência da unidade utilizada.","ignorar a proporcionalidade descrita."]'::jsonb, 0, 'Problemas aritméticos dependem de interpretação correta e tradução adequada para operações matemáticas.', 250),
  (351, 'raciocinio-logico', 'raciocinio-logico-logica-proposicional', 'Médio', 'Uma condicional “se p, então q” será falsa somente se', '["o antecedente é falso e o consequente também.","ambas as proposições são verdadeiras.","há apenas uma proposição simples envolvida.","o antecedente é verdadeiro e o consequente é falso."]'::jsonb, 3, 'Na condicional, a única situação falsa é antecedente verdadeiro com consequente falso.', 251),
  (352, 'raciocinio-logico', 'raciocinio-logico-porcentagem-e-razao', 'Difícil', 'Problemas de porcentagem e razão exigem', '["o total passa automaticamente a ser 200%.","a diferença absoluta dispensa cálculo proporcional.","houve variação proporcional em relação ao valor inicial.","o acréscimo é sempre igual a 20 unidades."]'::jsonb, 2, 'Porcentagem e razão trabalham com comparação proporcional entre grandezas.', 252),
  (353, 'raciocinio-logico', 'raciocinio-logico-sequencias-e-padroes', 'Fácil', 'Ao identificar um padrão em sequência numérica, o candidato deve', '["buscar apenas a diferença absoluta final.","testar regularidades entre termos consecutivos.","assumir aleatoriedade desde o primeiro termo.","ignorar operações repetidas na série."]'::jsonb, 1, 'Sequências exigem observação do padrão de formação entre os termos.', 253),
  (354, 'raciocinio-logico', 'raciocinio-logico-analise-combinatoria', 'Médio', 'Arranjos simples são aplicados quando', '["a posição altera o resultado final da escolha.","qualquer agrupamento produz o mesmo resultado.","não existe diferença entre combinar e arranjar.","a repetição é obrigatória em toda contagem."]'::jsonb, 0, 'Quando a ordem importa, costuma-se trabalhar com arranjos ou permutações, conforme o caso.', 254),
  (355, 'raciocinio-logico', 'raciocinio-logico-problemas-aritmeticos', 'Difícil', 'Questões aritméticas exigem principalmente', '["substituir todos os dados por estimativas livres.","dispensar conferência da unidade utilizada.","ignorar a proporcionalidade descrita.","traduzir o enunciado em relações numéricas consistentes."]'::jsonb, 3, 'Problemas aritméticos dependem de interpretação correta e tradução adequada para operações matemáticas.', 255),
  (356, 'raciocinio-logico', 'raciocinio-logico-logica-proposicional', 'Fácil', 'A negação de uma proposição condicional ocorre quando', '["ambas as proposições são verdadeiras.","há apenas uma proposição simples envolvida.","o antecedente é verdadeiro e o consequente é falso.","o antecedente é falso e o consequente também."]'::jsonb, 2, 'Na condicional, a única situação falsa é antecedente verdadeiro com consequente falso.', 256),
  (357, 'raciocinio-logico', 'raciocinio-logico-porcentagem-e-razao', 'Médio', 'Em uma razão 4 para 5, a primeira grandeza representa', '["a diferença absoluta dispensa cálculo proporcional.","houve variação proporcional em relação ao valor inicial.","o acréscimo é sempre igual a 20 unidades.","o total passa automaticamente a ser 200%."]'::jsonb, 1, 'Porcentagem e razão trabalham com comparação proporcional entre grandezas.', 257),
  (358, 'raciocinio-logico', 'raciocinio-logico-sequencias-e-padroes', 'Difícil', 'No estudo de padrões, é relevante observar', '["testar regularidades entre termos consecutivos.","assumir aleatoriedade desde o primeiro termo.","ignorar operações repetidas na série.","buscar apenas a diferença absoluta final."]'::jsonb, 0, 'Sequências exigem observação do padrão de formação entre os termos.', 258),
  (359, 'raciocinio-logico', 'raciocinio-logico-analise-combinatoria', 'Fácil', 'Em problemas de contagem, a ordem dos elementos importa quando', '["qualquer agrupamento produz o mesmo resultado.","não existe diferença entre combinar e arranjar.","a repetição é obrigatória em toda contagem.","a posição altera o resultado final da escolha."]'::jsonb, 3, 'Quando a ordem importa, costuma-se trabalhar com arranjos ou permutações, conforme o caso.', 259),
  (360, 'raciocinio-logico', 'raciocinio-logico-problemas-aritmeticos', 'Médio', 'Ao resolver uma situação envolvendo média simples, o cálculo básico consiste em', '["dispensar conferência da unidade utilizada.","ignorar a proporcionalidade descrita.","traduzir o enunciado em relações numéricas consistentes.","substituir todos os dados por estimativas livres."]'::jsonb, 2, 'Problemas aritméticos dependem de interpretação correta e tradução adequada para operações matemáticas.', 260)
on conflict (id) do update set subject_id = excluded.subject_id, topic_id = excluded.topic_id, level = excluded.level, statement = excluded.statement, options = excluded.options, correct_index = excluded.correct_index, explanation = excluded.explanation, sort_order = excluded.sort_order;
